Workbook

Sheet Readme
B2: INDIA CPI INFLATION ANALYSIS
B5: EXCEL DATA ANALYTICS CASE STUDY | CODING NINJAS
B7: 1. PROJECT OVERVIEW
B8: This workbook analyzes India's Consumer Price Index (CPI) data to identify category contribution, year-over-year inflation trends, food inflation dynamics, the impact of COVID-19, and the relationship between imported crude oil price movements and CPI category inflation. The workbook is structured as a case-study analysis with an executive Dashboard, five question-specific analysis sheets and supporting calculations.
B12: 2. DATA SOURCE & COVERAGE
B13: Data source | F13: Government Of India, Ministry of Statistics and Programme Implementation
B14: CPI data coverage | F14: January 2013 to May 2023
B15: Sectors | F15: Rural | Urban | Rural + Urban (Combined)
B17: 3. WORKBOOK STRUCTURE
B18: Dashboard | F18: Executive summary of the five case-study questions with navigation to detailed analysis.
B19: Q1 - CPI Contribution | F19: Latest-month broader-category contribution analysis for Rural, Urban and Rural + Urban.
B20: Q2 - YoY Inflation | F20: May-to-May YoY CPI inflation trend from 2017 to 2023 and peak-year research.
B21: Q3 - Food Inflation | F21: 12-month Food-bucket MoM trend, high/low months and food sub-category index changes.
B22: Q4 - COVID Impact | F22: March 2017–March 2023 comparison around the March 2020 COVID-19 onset.
B23: Q5 - Oil Impact | F23: Monthly imported crude oil changes vs CPI category inflation and Pearson correlation.
B24: Data_Dictionary | F24: Definitions, field descriptions, cleaning/validation notes and derived metrics.
B25: Cleaned_Data | F25: Analysis-ready CPI table after structural cleaning/standardization.
B26: Dashboard_Calculations | F26: Helper calculations used to populate dashboard cards, shapes and summary values.
B27: Raw_Data | F27: Original source dataset retained as the source/reference layer.
B29: 4. CORE ANALYTICAL METHODS
B30: Method | F30: Definition / Use
B31: MoM inflation | F31: [(Current CPI Index − Previous Month CPI Index) / Previous Month CPI Index] × 100
B32: YoY inflation | F32: [(Current CPI Index − Same Month Previous Year CPI Index) / Same Month Previous Year CPI Index] × 100
B33: CPI contribution | F33: Broader-category CPI index ÷ total analyzed broader-category index × 100; each sector totals 100%.
B34: Q3 Food bucket | F34: Simple average of the 12 specified Food sub-category CPI indices, consistent with the case-study equal-weight assumption.
B35: Q5 correlation | F35: Pearson correlation using Excel CORREL() between imported crude oil MoM changes and CPI category MoM changes.
B36: Correlation interpretation | F36: Correlation describes association; it does not by itself establish causation.
B38: 5. KEY ASSUMPTIONS & SCOPE
B39: • Equal weights across categories are used where specified by the case study. • Broader categories are created by grouping related CPI sub-categories for analytical purposes. • March 2020 is treated as the COVID-19 onset for Q4. • Dec-2020 is used as the base month for the Jan-2021 imported-oil MoM calculation in Q5. • Q2 uses a May-to-May YoY comparison, consistent with the instruction that any month may be used as the start of the year. • Q3 'absolute change' refers to the change in CPI index points between Jun-2022 and May-2023, not a percentage contribution to inflation.
B47: *Raw_Data is protected to prevent accidental modification of the original dataset. Password: SATYAM

Sheet Dashboard

Sheet Q1 - CPI Contribution
E19: e
B23: Categories | C23: Of May 2023 Rural | D23: of May 2023 Urban | E23: of May 2023 Rural+Urban
B24: Food | C24: 0.51169152 | D24: 0.50298002 | E24: 0.49609475
B25: Apparel | C25: 0.091765105 | D25: 0.081664135 | E25: 0.085565736
B26: Pan, tobacco and intoxicants | C26: 0.048387878 | D26: 0.047727007 | E26: 0.046862978
B27: Health | C27: 0.045458947 | D27: 0.042585018 | E27: 0.043295796
B28: Personal care and effects | C28: 0.044756971 | D28: 0.043379689 | E28: 0.043179222
B29: Fuel and light | C29: 0.044176026 | D29: 0.04286549 | E29: 0.042619664
B30: Education | C30: 0.043643493 | D30: 0.04085544 | E30: 0.041290714
B31: Household goods and services | C31: 0.043522463 | D31: 0.039756924 | E31: 0.04084773
B32: Miscellaneous | C32: 0.043449845 | D32: 0.040107514 | E32: 0.040964305
B33: Recreation and amusement | C33: 0.042070101 | D33: 0.03954657 | E33: 0.039915134
B34: Transport and communication | C34: 0.041077653 | D34: 0.037489774 | E34: 0.038422979
B35: Housing | C35: 0 | D35: 0.041042421 | E35: 0.04094099
B36: Grand Total | C36: 1 | D36: 1 | E36: 1
B47: Category | C47: Broader Category | D47: May 2023 Rural | E47: May 2023 Urban | F47: May 2023 Rural+Urban
B48: Cereals and products | C48: Food | D48: {=INDEX(CPI_Data[#All], MATCH("Rural"&"2023"&"May",CPI_Data[[#All],[Sector]]&CPI_Data[[#All],[Year]]&CPI_Data[[#All],[Month]],0), MATCH('Q1 - CPI Contribution'!B48,CPI_Data[#Headers],0))} -> 173.2 | E48: {=INDEX(CPI_Data[#All], MATCH("Urban"&"2023"&"May",CPI_Data[[#All],[Sector]]&CPI_Data[[#All],[Year]]&CPI_Data[[#All],[Month]],0), MATCH('Q1 - CPI Contribution'!B48,CPI_Data[#Headers],0))} -> 174.7 | F48: {=INDEX(CPI_Data[#All], MATCH("Rural+Urban"&"2023"&"May",CPI_Data[[#All],[Sector]]&CPI_Data[[#All],[Year]]&CPI_Data[[#All],[Month]],0), MATCH('Q1 - CPI Contribution'!B48,CPI_Data[#Headers],0))} -> 173.7
B49: Meat and fish | C49: Food | D49: {=INDEX(CPI_Data[#All], MATCH("Rural"&"2023"&"May",CPI_Data[[#All],[Sector]]&CPI_Data[[#All],[Year]]&CPI_Data[[#All],[Month]],0), MATCH('Q1 - CPI Contribution'!B49,CPI_Data[#Headers],0))} -> 211.5 | E49: {=INDEX(CPI_Data[#All], MATCH("Urban"&"2023"&"May",CPI_Data[[#All],[Sector]]&CPI_Data[[#All],[Year]]&CPI_Data[[#All],[Month]],0), MATCH('Q1 - CPI Contribution'!B49,CPI_Data[#Headers],0))} -> 219.4 | F49: {=INDEX(CPI_Data[#All], MATCH("Rural+Urban"&"2023"&"May",CPI_Data[[#All],[Sector]]&CPI_Data[[#All],[Year]]&CPI_Data[[#All],[Month]],0), MATCH('Q1 - CPI Contribution'!B49,CPI_Data[#Headers],0))} -> 214.3
B50: Egg | C50: Food | D50: {=INDEX(CPI_Data[#All], MATCH("Rural"&"2023"&"May",CPI_Data[[#All],[Sector]]&CPI_Data[[#All],[Year]]&CPI_Data[[#All],[Month]],0), MATCH('Q1 - CPI Contribution'!B50,CPI_Data[#Headers],0))} -> 171 | E50: {=INDEX(CPI_Data[#All], MATCH("Urban"&"2023"&"May",CPI_Data[[#All],[Sector]]&CPI_Data[[#All],[Year]]&CPI_Data[[#All],[Month]],0), MATCH('Q1 - CPI Contribution'!B50,CPI_Data[#Headers],0))} -> 176.7 | F50: {=INDEX(CPI_Data[#All], MATCH("Rural+Urban"&"2023"&"May",CPI_Data[[#All],[Sector]]&CPI_Data[[#All],[Year]]&CPI_Data[[#All],[Month]],0), MATCH('Q1 - CPI Contribution'!B50,CPI_Data[#Headers],0))} -> 173.2
B51: Milk and products | C51: Food | D51: {=INDEX(CPI_Data[#All], MATCH("Rural"&"2023"&"May",CPI_Data[[#All],[Sector]]&CPI_Data[[#All],[Year]]&CPI_Data[[#All],[Month]],0), MATCH('Q1 - CPI Contribution'!B51,CPI_Data[#Headers],0))} -> 179.6 | E51: {=INDEX(CPI_Data[#All], MATCH("Urban"&"2023"&"May",CPI_Data[[#All],[Sector]]&CPI_Data[[#All],[Year]]&CPI_Data[[#All],[Month]],0), MATCH('Q1 - CPI Contribution'!B51,CPI_Data[#Headers],0))} -> 179.4 | F51: {=INDEX(CPI_Data[#All], MATCH("Rural+Urban"&"2023"&"May",CPI_Data[[#All],[Sector]]&CPI_Data[[#All],[Year]]&CPI_Data[[#All],[Month]],0), MATCH('Q1 - CPI Contribution'!B51,CPI_Data[#Headers],0))} -> 179.5
B52: Oils and fats | C52: Food | D52: {=INDEX(CPI_Data[#All], MATCH("Rural"&"2023"&"May",CPI_Data[[#All],[Sector]]&CPI_Data[[#All],[Year]]&CPI_Data[[#All],[Month]],0), MATCH('Q1 - CPI Contribution'!B52,CPI_Data[#Headers],0))} -> 173.3 | E52: {=INDEX(CPI_Data[#All], MATCH("Urban"&"2023"&"May",CPI_Data[[#All],[Sector]]&CPI_Data[[#All],[Year]]&CPI_Data[[#All],[Month]],0), MATCH('Q1 - CPI Contribution'!B52,CPI_Data[#Headers],0))} -> 164.4 | F52: {=INDEX(CPI_Data[#All], MATCH("Rural+Urban"&"2023"&"May",CPI_Data[[#All],[Sector]]&CPI_Data[[#All],[Year]]&CPI_Data[[#All],[Month]],0), MATCH('Q1 - CPI Contribution'!B52,CPI_Data[#Headers],0))} -> 170
B53: Fruits | C53: Food | D53: {=INDEX(CPI_Data[#All], MATCH("Rural"&"2023"&"May",CPI_Data[[#All],[Sector]]&CPI_Data[[#All],[Year]]&CPI_Data[[#All],[Month]],0), MATCH('Q1 - CPI Contribution'!B53,CPI_Data[#Headers],0))} -> 169 | E53: {=INDEX(CPI_Data[#All], MATCH("Urban"&"2023"&"May",CPI_Data[[#All],[Sector]]&CPI_Data[[#All],[Year]]&CPI_Data[[#All],[Month]],0), MATCH('Q1 - CPI Contribution'!B53,CPI_Data[#Headers],0))} -> 175.8 | F53: {=INDEX(CPI_Data[#All], MATCH("Rural+Urban"&"2023"&"May",CPI_Data[[#All],[Sector]]&CPI_Data[[#All],[Year]]&CPI_Data[[#All],[Month]],0), MATCH('Q1 - CPI Contribution'!B53,CPI_Data[#Headers],0))} -> 172.2
B54: Vegetables | C54: Food | D54: {=INDEX(CPI_Data[#All], MATCH("Rural"&"2023"&"May",CPI_Data[[#All],[Sector]]&CPI_Data[[#All],[Year]]&CPI_Data[[#All],[Month]],0), MATCH('Q1 - CPI Contribution'!B54,CPI_Data[#Headers],0))} -> 148.7 | E54: {=INDEX(CPI_Data[#All], MATCH("Urban"&"2023"&"May",CPI_Data[[#All],[Sector]]&CPI_Data[[#All],[Year]]&CPI_Data[[#All],[Month]],0), MATCH('Q1 - CPI Contribution'!B54,CPI_Data[#Headers],0))} -> 185 | F54: {=INDEX(CPI_Data[#All], MATCH("Rural+Urban"&"2023"&"May",CPI_Data[[#All],[Sector]]&CPI_Data[[#All],[Year]]&CPI_Data[[#All],[Month]],0), MATCH('Q1 - CPI Contribution'!B54,CPI_Data[#Headers],0))} -> 161
B55: Pulses and products | C55: Food | D55: {=INDEX(CPI_Data[#All], MATCH("Rural"&"2023"&"May",CPI_Data[[#All],[Sector]]&CPI_Data[[#All],[Year]]&CPI_Data[[#All],[Month]],0), MATCH('Q1 - CPI Contribution'!B55,CPI_Data[#Headers],0))} -> 174.9 | E55: {=INDEX(CPI_Data[#All], MATCH("Urban"&"2023"&"May",CPI_Data[[#All],[Sector]]&CPI_Data[[#All],[Year]]&CPI_Data[[#All],[Month]],0), MATCH('Q1 - CPI Contribution'!B55,CPI_Data[#Headers],0))} -> 176.9 | F55: {=INDEX(CPI_Data[#All], MATCH("Rural+Urban"&"2023"&"May",CPI_Data[[#All],[Sector]]&CPI_Data[[#All],[Year]]&CPI_Data[[#All],[Month]],0), MATCH('Q1 - CPI Contribution'!B55,CPI_Data[#Headers],0))} -> 175.6
B56: Sugar and Confectionery | C56: Food | D56: {=INDEX(CPI_Data[#All], MATCH("Rural"&"2023"&"May",CPI_Data[[#All],[Sector]]&CPI_Data[[#All],[Year]]&CPI_Data[[#All],[Month]],0), MATCH('Q1 - CPI Contribution'!B56,CPI_Data[#Headers],0))} -> 121.9 | E56: {=INDEX(CPI_Data[#All], MATCH("Urban"&"2023"&"May",CPI_Data[[#All],[Sector]]&CPI_Data[[#All],[Year]]&CPI_Data[[#All],[Month]],0), MATCH('Q1 - CPI Contribution'!B56,CPI_Data[#Headers],0))} -> 124.2 | F56: {=INDEX(CPI_Data[#All], MATCH("Rural+Urban"&"2023"&"May",CPI_Data[[#All],[Sector]]&CPI_Data[[#All],[Year]]&CPI_Data[[#All],[Month]],0), MATCH('Q1 - CPI Contribution'!B56,CPI_Data[#Headers],0))} -> 122.7
B57: Spices | C57: Food | D57: {=INDEX(CPI_Data[#All], MATCH("Rural"&"2023"&"May",CPI_Data[[#All],[Sector]]&CPI_Data[[#All],[Year]]&CPI_Data[[#All],[Month]],0), MATCH('Q1 - CPI Contribution'!B57,CPI_Data[#Headers],0))} -> 221 | E57: {=INDEX(CPI_Data[#All], MATCH("Urban"&"2023"&"May",CPI_Data[[#All],[Sector]]&CPI_Data[[#All],[Year]]&CPI_Data[[#All],[Month]],0), MATCH('Q1 - CPI Contribution'!B57,CPI_Data[#Headers],0))} -> 211.9 | F57: {=INDEX(CPI_Data[#All], MATCH("Rural+Urban"&"2023"&"May",CPI_Data[[#All],[Sector]]&CPI_Data[[#All],[Year]]&CPI_Data[[#All],[Month]],0), MATCH('Q1 - CPI Contribution'!B57,CPI_Data[#Headers],0))} -> 218
B58: Non-alcoholic beverages | C58: Food | D58: {=INDEX(CPI_Data[#All], MATCH("Rural"&"2023"&"May",CPI_Data[[#All],[Sector]]&CPI_Data[[#All],[Year]]&CPI_Data[[#All],[Month]],0), MATCH('Q1 - CPI Contribution'!B58,CPI_Data[#Headers],0))} -> 178.7 | E58: {=INDEX(CPI_Data[#All], MATCH("Urban"&"2023"&"May",CPI_Data[[#All],[Sector]]&CPI_Data[[#All],[Year]]&CPI_Data[[#All],[Month]],0), MATCH('Q1 - CPI Contribution'!B58,CPI_Data[#Headers],0))} -> 165.9 | F58: {=INDEX(CPI_Data[#All], MATCH("Rural+Urban"&"2023"&"May",CPI_Data[[#All],[Sector]]&CPI_Data[[#All],[Year]]&CPI_Data[[#All],[Month]],0), MATCH('Q1 - CPI Contribution'!B58,CPI_Data[#Headers],0))} -> 173.4
B59: Prepared meals, snacks, sweets etc. | C59: Food | D59: {=INDEX(CPI_Data[#All], MATCH("Rural"&"2023"&"May",CPI_Data[[#All],[Sector]]&CPI_Data[[#All],[Year]]&CPI_Data[[#All],[Month]],0), MATCH('Q1 - CPI Contribution'!B59,CPI_Data[#Headers],0))} -> 191.1 | E59: {=INDEX(CPI_Data[#All], MATCH("Urban"&"2023"&"May",CPI_Data[[#All],[Sector]]&CPI_Data[[#All],[Year]]&CPI_Data[[#All],[Month]],0), MATCH('Q1 - CPI Contribution'!B59,CPI_Data[#Headers],0))} -> 197.7 | F59: {=INDEX(CPI_Data[#All], MATCH("Rural+Urban"&"2023"&"May",CPI_Data[[#All],[Sector]]&CPI_Data[[#All],[Year]]&CPI_Data[[#All],[Month]],0), MATCH('Q1 - CPI Contribution'!B59,CPI_Data[#Headers],0))} -> 194.2
... B71: Miscellaneous | C71: Miscellaneous | D71: {=INDEX(CPI_Data[#All], MATCH("Rural"&"2023"&"May",CPI_Data[[#All],[Sector]]&CPI_Data[[#All],[Year]]&CPI_Data[[#All],[Month]],0), MATCH('Q1 - CPI Contribution'!B71,CPI_Data[#Headers],0))} -> 179.5 | E71: {=INDEX(CPI_Data[#All], MATCH("Urban"&"2023"&"May",CPI_Data[[#All],[Sector]]&CPI_Data[[#All],[Year]]&CPI_Data[[#All],[Month]],0), MATCH('Q1 - CPI Contribution'!B71,CPI_Data[#Headers],0))} -> 171.6 | F71: {=INDEX(CPI_Data[#All], MATCH("Rural+Urban"&"2023"&"May",CPI_Data[[#All],[Sector]]&CPI_Data[[#All],[Year]]&CPI_Data[[#All],[Month]],0), MATCH('Q1 - CPI Contribution'!B71,CPI_Data[#Headers],0))} -> 175.7

Sheet Q2 - YoY Inflation
Q16: Year | R16: CPI Index | S16: Inflation
Q17: 42491 | R17: {=INDEX(CPI_Data[General index], MATCH(1, (CPI_Data[Sector]="Rural+Urban")*(CPI_Data[Date]=Q17), 0))} -> 128.6
Q18: 42856 | R18: {=INDEX(CPI_Data[General index], MATCH(1, (CPI_Data[Sector]="Rural+Urban")*(CPI_Data[Date]=Q18), 0))} -> 131.4 | S18: =(R18-R17)/R17 -> 0.021772939
Q19: 43221 | R19: {=INDEX(CPI_Data[General index], MATCH(1, (CPI_Data[Sector]="Rural+Urban")*(CPI_Data[Date]=Q19), 0))} -> 137.8 | S19: =(R19-R18)/R18 -> 0.04870624
Q20: 43586 | R20: {=INDEX(CPI_Data[General index], MATCH(1, (CPI_Data[Sector]="Rural+Urban")*(CPI_Data[Date]=Q20), 0))} -> 142 | S20: =(R20-R19)/R19 -> 0.030478955
Q21: 43952 | R21: {=INDEX(CPI_Data[General index], MATCH(1, (CPI_Data[Sector]="Rural+Urban")*(CPI_Data[Date]=Q21), 0))} -> 150.9 | S21: =(R21-R20)/R20 -> 0.062676056
Q22: 44317 | R22: {=INDEX(CPI_Data[General index], MATCH(1, (CPI_Data[Sector]="Rural+Urban")*(CPI_Data[Date]=Q22), 0))} -> 160.4 | S22: =(R22-R21)/R21 -> 0.0629556
Q23: 44682 | R23: {=INDEX(CPI_Data[General index], MATCH(1, (CPI_Data[Sector]="Rural+Urban")*(CPI_Data[Date]=Q23), 0))} -> 171.7 | S23: =(R23-R22)/R22 -> 0.070448878
Q24: 45047 | R24: {=INDEX(CPI_Data[General index], MATCH(1, (CPI_Data[Sector]="Rural+Urban")*(CPI_Data[Date]=Q24), 0))} -> 179.1 | S24: =(R24-R23)/R23 -> 0.043098427

Sheet Q3 - Food Inflation
K32: Date | L32: Rural | M32: Inflation (R) | N32: Urban | O32: Inflation (U) | P32: Rural+Urban | Q32: Inflation (R+U)
K33: 44682 | L33: =AVERAGE( SUMIFS(CPI_Data[Cereals and products],CPI_Data[Sector],L$32,CPI_Data[Date],$K33), SUMIFS(CPI_Data[Meat and fish],CPI_Data[Sector],L$32,CPI_Data[Date],$K33), SUMIFS(CPI_Data[Egg],CPI_Data[Sector],L$32,CPI_Data[Date],$K33), SUMIFS(CPI_Data[Milk and products],CPI_Data[Sector],L$32,CPI_Data[Date],$K33), SUMIFS(CPI_Data[Oils and fats],CPI_Data[Sector],L$32,CPI_Data[Date],$K33), SUMIFS(CPI_Data[Fruits],CPI_Data[Sector],L$32,CPI_Data[Date],$K33), SUMIFS(CPI_Data[Vegetables],CPI_Data[Sector],L$32,CPI_Data[Date],$K33), SUMIFS(CPI_Data[Pulses and products],CPI_Data[Sector],L$32,CPI_Data[Date],$K33), SUMIFS(CPI_Data[Sugar and Confectionery],CPI_Data[Sector],L$32,CPI_Data[Date],$K33), SUMIFS(CPI_Data[Spices],CPI_Data[Sector],L$32,CPI_Data[Date],$K33), SUMIFS(CPI_Data[Non-alcoholic beverages],CPI_Data[Sector],L$32,CPI_Data[Date],$K33), SUMIFS(CPI_Data[Prepared meals, snacks, sweets etc.],CPI_Data[Sector],L$32,CPI_Data[Date],$K33) ) -> 171.33333 | N33: =AVERAGE( SUMIFS(CPI_Data[Cereals and products],CPI_Data[Sector],N$32,CPI_Data[Date],$K33), SUMIFS(CPI_Data[Meat and fish],CPI_Data[Sector],N$32,CPI_Data[Date],$K33), SUMIFS(CPI_Data[Egg],CPI_Data[Sector],N$32,CPI_Data[Date],$K33), SUMIFS(CPI_Data[Milk and products],CPI_Data[Sector],N$32,CPI_Data[Date],$K33), SUMIFS(CPI_Data[Oils and fats],CPI_Data[Sector],N$32,CPI_Data[Date],$K33), SUMIFS(CPI_Data[Fruits],CPI_Data[Sector],N$32,CPI_Data[Date],$K33), SUMIFS(CPI_Data[Vegetables],CPI_Data[Sector],N$32,CPI_Data[Date],$K33), SUMIFS(CPI_Data[Pulses and products],CPI_Data[Sector],N$32,CPI_Data[Date],$K33), SUMIFS(CPI_Data[Sugar and Confectionery],CPI_Data[Sector],N$32,CPI_Data[Date],$K33), SUMIFS(CPI_Data[Spices],CPI_Data[Sector],N$32,CPI_Data[Date],$K33), SUMIFS(CPI_Data[Non-alcoholic beverages],CPI_Data[Sector],N$32,CPI_Data[Date],$K33), SUMIFS(CPI_Data[Prepared meals, snacks, sweets etc.],CPI_Data[Sector],N$32,CPI_Data[Date],$K33) ) -> 173.725 | P33: =AVERAGE( SUMIFS(CPI_Data[Cereals and products],CPI_Data[Sector],P$32,CPI_Data[Date],$K33), SUMIFS(CPI_Data[Meat and fish],CPI_Data[Sector],P$32,CPI_Data[Date],$K33), SUMIFS(CPI_Data[Egg],CPI_Data[Sector],P$32,CPI_Data[Date],$K33), SUMIFS(CPI_Data[Milk and products],CPI_Data[Sector],P$32,CPI_Data[Date],$K33), SUMIFS(CPI_Data[Oils and fats],CPI_Data[Sector],P$32,CPI_Data[Date],$K33), SUMIFS(CPI_Data[Fruits],CPI_Data[Sector],P$32,CPI_Data[Date],$K33), SUMIFS(CPI_Data[Vegetables],CPI_Data[Sector],P$32,CPI_Data[Date],$K33), SUMIFS(CPI_Data[Pulses and products],CPI_Data[Sector],P$32,CPI_Data[Date],$K33), SUMIFS(CPI_Data[Sugar and Confectionery],CPI_Data[Sector],P$32,CPI_Data[Date],$K33), SUMIFS(CPI_Data[Spices],CPI_Data[Sector],P$32,CPI_Data[Date],$K33), SUMIFS(CPI_Data[Non-alcoholic beverages],CPI_Data[Sector],P$32,CPI_Data[Date],$K33), SUMIFS(CPI_Data[Prepared meals, snacks, sweets etc.],CPI_Data[Sector],P$32,CPI_Data[Date],$K33) ) -> 172.13333
K34: 44713 | L34: =AVERAGE( SUMIFS(CPI_Data[Cereals and products],CPI_Data[Sector],L$32,CPI_Data[Date],$K34), SUMIFS(CPI_Data[Meat and fish],CPI_Data[Sector],L$32,CPI_Data[Date],$K34), SUMIFS(CPI_Data[Egg],CPI_Data[Sector],L$32,CPI_Data[Date],$K34), SUMIFS(CPI_Data[Milk and products],CPI_Data[Sector],L$32,CPI_Data[Date],$K34), SUMIFS(CPI_Data[Oils and fats],CPI_Data[Sector],L$32,CPI_Data[Date],$K34), SUMIFS(CPI_Data[Fruits],CPI_Data[Sector],L$32,CPI_Data[Date],$K34), SUMIFS(CPI_Data[Vegetables],CPI_Data[Sector],L$32,CPI_Data[Date],$K34), SUMIFS(CPI_Data[Pulses and products],CPI_Data[Sector],L$32,CPI_Data[Date],$K34), SUMIFS(CPI_Data[Sugar and Confectionery],CPI_Data[Sector],L$32,CPI_Data[Date],$K34), SUMIFS(CPI_Data[Spices],CPI_Data[Sector],L$32,CPI_Data[Date],$K34), SUMIFS(CPI_Data[Non-alcoholic beverages],CPI_Data[Sector],L$32,CPI_Data[Date],$K34), SUMIFS(CPI_Data[Prepared meals, snacks, sweets etc.],CPI_Data[Sector],L$32,CPI_Data[Date],$K34) ) -> 172.99167 | M34: =(L34-L33)/L33 -> 0.0096789883 | N34: =AVERAGE( SUMIFS(CPI_Data[Cereals and products],CPI_Data[Sector],N$32,CPI_Data[Date],$K34), SUMIFS(CPI_Data[Meat and fish],CPI_Data[Sector],N$32,CPI_Data[Date],$K34), SUMIFS(CPI_Data[Egg],CPI_Data[Sector],N$32,CPI_Data[Date],$K34), SUMIFS(CPI_Data[Milk and products],CPI_Data[Sector],N$32,CPI_Data[Date],$K34), SUMIFS(CPI_Data[Oils and fats],CPI_Data[Sector],N$32,CPI_Data[Date],$K34), SUMIFS(CPI_Data[Fruits],CPI_Data[Sector],N$32,CPI_Data[Date],$K34), SUMIFS(CPI_Data[Vegetables],CPI_Data[Sector],N$32,CPI_Data[Date],$K34), SUMIFS(CPI_Data[Pulses and products],CPI_Data[Sector],N$32,CPI_Data[Date],$K34), SUMIFS(CPI_Data[Sugar and Confectionery],CPI_Data[Sector],N$32,CPI_Data[Date],$K34), SUMIFS(CPI_Data[Spices],CPI_Data[Sector],N$32,CPI_Data[Date],$K34), SUMIFS(CPI_Data[Non-alcoholic beverages],CPI_Data[Sector],N$32,CPI_Data[Date],$K34), SUMIFS(CPI_Data[Prepared meals, snacks, sweets etc.],CPI_Data[Sector],N$32,CPI_Data[Date],$K34) ) -> 175.68333 | O34: =(N34-N33)/N33 -> 0.011272605 | P34: =AVERAGE( SUMIFS(CPI_Data[Cereals and products],CPI_Data[Sector],P$32,CPI_Data[Date],$K34), SUMIFS(CPI_Data[Meat and fish],CPI_Data[Sector],P$32,CPI_Data[Date],$K34), SUMIFS(CPI_Data[Egg],CPI_Data[Sector],P$32,CPI_Data[Date],$K34), SUMIFS(CPI_Data[Milk and products],CPI_Data[Sector],P$32,CPI_Data[Date],$K34), SUMIFS(CPI_Data[Oils and fats],CPI_Data[Sector],P$32,CPI_Data[Date],$K34), SUMIFS(CPI_Data[Fruits],CPI_Data[Sector],P$32,CPI_Data[Date],$K34), SUMIFS(CPI_Data[Vegetables],CPI_Data[Sector],P$32,CPI_Data[Date],$K34), SUMIFS(CPI_Data[Pulses and products],CPI_Data[Sector],P$32,CPI_Data[Date],$K34), SUMIFS(CPI_Data[Sugar and Confectionery],CPI_Data[Sector],P$32,CPI_Data[Date],$K34), SUMIFS(CPI_Data[Spices],CPI_Data[Sector],P$32,CPI_Data[Date],$K34), SUMIFS(CPI_Data[Non-alcoholic beverages],CPI_Data[Sector],P$32,CPI_Data[Date],$K34), SUMIFS(CPI_Data[Prepared meals, snacks, sweets etc.],CPI_Data[Sector],P$32,CPI_Data[Date],$K34) ) -> 173.91667 | Q34: =(P34-P33)/P33 -> 0.010360186
K35: 44743 | L35: =AVERAGE( SUMIFS(CPI_Data[Cereals and products],CPI_Data[Sector],L$32,CPI_Data[Date],$K35), SUMIFS(CPI_Data[Meat and fish],CPI_Data[Sector],L$32,CPI_Data[Date],$K35), SUMIFS(CPI_Data[Egg],CPI_Data[Sector],L$32,CPI_Data[Date],$K35), SUMIFS(CPI_Data[Milk and products],CPI_Data[Sector],L$32,CPI_Data[Date],$K35), SUMIFS(CPI_Data[Oils and fats],CPI_Data[Sector],L$32,CPI_Data[Date],$K35), SUMIFS(CPI_Data[Fruits],CPI_Data[Sector],L$32,CPI_Data[Date],$K35), SUMIFS(CPI_Data[Vegetables],CPI_Data[Sector],L$32,CPI_Data[Date],$K35), SUMIFS(CPI_Data[Pulses and products],CPI_Data[Sector],L$32,CPI_Data[Date],$K35), SUMIFS(CPI_Data[Sugar and Confectionery],CPI_Data[Sector],L$32,CPI_Data[Date],$K35), SUMIFS(CPI_Data[Spices],CPI_Data[Sector],L$32,CPI_Data[Date],$K35), SUMIFS(CPI_Data[Non-alcoholic beverages],CPI_Data[Sector],L$32,CPI_Data[Date],$K35), SUMIFS(CPI_Data[Prepared meals, snacks, sweets etc.],CPI_Data[Sector],L$32,CPI_Data[Date],$K35) ) -> 173.33333 | M35: =(L35-L34)/L34 -> 0.001975047 | N35: =AVERAGE( SUMIFS(CPI_Data[Cereals and products],CPI_Data[Sector],N$32,CPI_Data[Date],$K35), SUMIFS(CPI_Data[Meat and fish],CPI_Data[Sector],N$32,CPI_Data[Date],$K35), SUMIFS(CPI_Data[Egg],CPI_Data[Sector],N$32,CPI_Data[Date],$K35), SUMIFS(CPI_Data[Milk and products],CPI_Data[Sector],N$32,CPI_Data[Date],$K35), SUMIFS(CPI_Data[Oils and fats],CPI_Data[Sector],N$32,CPI_Data[Date],$K35), SUMIFS(CPI_Data[Fruits],CPI_Data[Sector],N$32,CPI_Data[Date],$K35), SUMIFS(CPI_Data[Vegetables],CPI_Data[Sector],N$32,CPI_Data[Date],$K35), SUMIFS(CPI_Data[Pulses and products],CPI_Data[Sector],N$32,CPI_Data[Date],$K35), SUMIFS(CPI_Data[Sugar and Confectionery],CPI_Data[Sector],N$32,CPI_Data[Date],$K35), SUMIFS(CPI_Data[Spices],CPI_Data[Sector],N$32,CPI_Data[Date],$K35), SUMIFS(CPI_Data[Non-alcoholic beverages],CPI_Data[Sector],N$32,CPI_Data[Date],$K35), SUMIFS(CPI_Data[Prepared meals, snacks, sweets etc.],CPI_Data[Sector],N$32,CPI_Data[Date],$K35) ) -> 176.01667 | O35: =(N35-N34)/N34 -> 0.0018973532 | P35: =AVERAGE( SUMIFS(CPI_Data[Cereals and products],CPI_Data[Sector],P$32,CPI_Data[Date],$K35), SUMIFS(CPI_Data[Meat and fish],CPI_Data[Sector],P$32,CPI_Data[Date],$K35), SUMIFS(CPI_Data[Egg],CPI_Data[Sector],P$32,CPI_Data[Date],$K35), SUMIFS(CPI_Data[Milk and products],CPI_Data[Sector],P$32,CPI_Data[Date],$K35), SUMIFS(CPI_Data[Oils and fats],CPI_Data[Sector],P$32,CPI_Data[Date],$K35), SUMIFS(CPI_Data[Fruits],CPI_Data[Sector],P$32,CPI_Data[Date],$K35), SUMIFS(CPI_Data[Vegetables],CPI_Data[Sector],P$32,CPI_Data[Date],$K35), SUMIFS(CPI_Data[Pulses and products],CPI_Data[Sector],P$32,CPI_Data[Date],$K35), SUMIFS(CPI_Data[Sugar and Confectionery],CPI_Data[Sector],P$32,CPI_Data[Date],$K35), SUMIFS(CPI_Data[Spices],CPI_Data[Sector],P$32,CPI_Data[Date],$K35), SUMIFS(CPI_Data[Non-alcoholic beverages],CPI_Data[Sector],P$32,CPI_Data[Date],$K35), SUMIFS(CPI_Data[Prepared meals, snacks, sweets etc.],CPI_Data[Sector],P$32,CPI_Data[Date],$K35) ) -> 174.275 | Q35: =(P35-P34)/P34 -> 0.0020603737
K36: 44774 | L36: =AVERAGE( SUMIFS(CPI_Data[Cereals and products],CPI_Data[Sector],L$32,CPI_Data[Date],$K36), SUMIFS(CPI_Data[Meat and fish],CPI_Data[Sector],L$32,CPI_Data[Date],$K36), SUMIFS(CPI_Data[Egg],CPI_Data[Sector],L$32,CPI_Data[Date],$K36), SUMIFS(CPI_Data[Milk and products],CPI_Data[Sector],L$32,CPI_Data[Date],$K36), SUMIFS(CPI_Data[Oils and fats],CPI_Data[Sector],L$32,CPI_Data[Date],$K36), SUMIFS(CPI_Data[Fruits],CPI_Data[Sector],L$32,CPI_Data[Date],$K36), SUMIFS(CPI_Data[Vegetables],CPI_Data[Sector],L$32,CPI_Data[Date],$K36), SUMIFS(CPI_Data[Pulses and products],CPI_Data[Sector],L$32,CPI_Data[Date],$K36), SUMIFS(CPI_Data[Sugar and Confectionery],CPI_Data[Sector],L$32,CPI_Data[Date],$K36), SUMIFS(CPI_Data[Spices],CPI_Data[Sector],L$32,CPI_Data[Date],$K36), SUMIFS(CPI_Data[Non-alcoholic beverages],CPI_Data[Sector],L$32,CPI_Data[Date],$K36), SUMIFS(CPI_Data[Prepared meals, snacks, sweets etc.],CPI_Data[Sector],L$32,CPI_Data[Date],$K36) ) -> 173.49167 | M36: =(L36-L35)/L35 -> 0.00091346154 | N36: =AVERAGE( SUMIFS(CPI_Data[Cereals and products],CPI_Data[Sector],N$32,CPI_Data[Date],$K36), SUMIFS(CPI_Data[Meat and fish],CPI_Data[Sector],N$32,CPI_Data[Date],$K36), SUMIFS(CPI_Data[Egg],CPI_Data[Sector],N$32,CPI_Data[Date],$K36), SUMIFS(CPI_Data[Milk and products],CPI_Data[Sector],N$32,CPI_Data[Date],$K36), SUMIFS(CPI_Data[Oils and fats],CPI_Data[Sector],N$32,CPI_Data[Date],$K36), SUMIFS(CPI_Data[Fruits],CPI_Data[Sector],N$32,CPI_Data[Date],$K36), SUMIFS(CPI_Data[Vegetables],CPI_Data[Sector],N$32,CPI_Data[Date],$K36), SUMIFS(CPI_Data[Pulses and products],CPI_Data[Sector],N$32,CPI_Data[Date],$K36), SUMIFS(CPI_Data[Sugar and Confectionery],CPI_Data[Sector],N$32,CPI_Data[Date],$K36), SUMIFS(CPI_Data[Spices],CPI_Data[Sector],N$32,CPI_Data[Date],$K36), SUMIFS(CPI_Data[Non-alcoholic beverages],CPI_Data[Sector],N$32,CPI_Data[Date],$K36), SUMIFS(CPI_Data[Prepared meals, snacks, sweets etc.],CPI_Data[Sector],N$32,CPI_Data[Date],$K36) ) -> 176.10833 | O36: =(N36-N35)/N35 -> 0.00052078402 | P36: =AVERAGE( SUMIFS(CPI_Data[Cereals and products],CPI_Data[Sector],P$32,CPI_Data[Date],$K36), SUMIFS(CPI_Data[Meat and fish],CPI_Data[Sector],P$32,CPI_Data[Date],$K36), SUMIFS(CPI_Data[Egg],CPI_Data[Sector],P$32,CPI_Data[Date],$K36), SUMIFS(CPI_Data[Milk and products],CPI_Data[Sector],P$32,CPI_Data[Date],$K36), SUMIFS(CPI_Data[Oils and fats],CPI_Data[Sector],P$32,CPI_Data[Date],$K36), SUMIFS(CPI_Data[Fruits],CPI_Data[Sector],P$32,CPI_Data[Date],$K36), SUMIFS(CPI_Data[Vegetables],CPI_Data[Sector],P$32,CPI_Data[Date],$K36), SUMIFS(CPI_Data[Pulses and products],CPI_Data[Sector],P$32,CPI_Data[Date],$K36), SUMIFS(CPI_Data[Sugar and Confectionery],CPI_Data[Sector],P$32,CPI_Data[Date],$K36), SUMIFS(CPI_Data[Spices],CPI_Data[Sector],P$32,CPI_Data[Date],$K36), SUMIFS(CPI_Data[Non-alcoholic beverages],CPI_Data[Sector],P$32,CPI_Data[Date],$K36), SUMIFS(CPI_Data[Prepared meals, snacks, sweets etc.],CPI_Data[Sector],P$32,CPI_Data[Date],$K36) ) -> 174.40833 | Q36: =(P36-P35)/P35 -> 0.00076507436
K37: 44805 | L37: =AVERAGE( SUMIFS(CPI_Data[Cereals and products],CPI_Data[Sector],L$32,CPI_Data[Date],$K37), SUMIFS(CPI_Data[Meat and fish],CPI_Data[Sector],L$32,CPI_Data[Date],$K37), SUMIFS(CPI_Data[Egg],CPI_Data[Sector],L$32,CPI_Data[Date],$K37), SUMIFS(CPI_Data[Milk and products],CPI_Data[Sector],L$32,CPI_Data[Date],$K37), SUMIFS(CPI_Data[Oils and fats],CPI_Data[Sector],L$32,CPI_Data[Date],$K37), SUMIFS(CPI_Data[Fruits],CPI_Data[Sector],L$32,CPI_Data[Date],$K37), SUMIFS(CPI_Data[Vegetables],CPI_Data[Sector],L$32,CPI_Data[Date],$K37), SUMIFS(CPI_Data[Pulses and products],CPI_Data[Sector],L$32,CPI_Data[Date],$K37), SUMIFS(CPI_Data[Sugar and Confectionery],CPI_Data[Sector],L$32,CPI_Data[Date],$K37), SUMIFS(CPI_Data[Spices],CPI_Data[Sector],L$32,CPI_Data[Date],$K37), SUMIFS(CPI_Data[Non-alcoholic beverages],CPI_Data[Sector],L$32,CPI_Data[Date],$K37), SUMIFS(CPI_Data[Prepared meals, snacks, sweets etc.],CPI_Data[Sector],L$32,CPI_Data[Date],$K37) ) -> 174.35833 | M37: =(L37-L36)/L36 -> 0.0049954369 | N37: =AVERAGE( SUMIFS(CPI_Data[Cereals and products],CPI_Data[Sector],N$32,CPI_Data[Date],$K37), SUMIFS(CPI_Data[Meat and fish],CPI_Data[Sector],N$32,CPI_Data[Date],$K37), SUMIFS(CPI_Data[Egg],CPI_Data[Sector],N$32,CPI_Data[Date],$K37), SUMIFS(CPI_Data[Milk and products],CPI_Data[Sector],N$32,CPI_Data[Date],$K37), SUMIFS(CPI_Data[Oils and fats],CPI_Data[Sector],N$32,CPI_Data[Date],$K37), SUMIFS(CPI_Data[Fruits],CPI_Data[Sector],N$32,CPI_Data[Date],$K37), SUMIFS(CPI_Data[Vegetables],CPI_Data[Sector],N$32,CPI_Data[Date],$K37), SUMIFS(CPI_Data[Pulses and products],CPI_Data[Sector],N$32,CPI_Data[Date],$K37), SUMIFS(CPI_Data[Sugar and Confectionery],CPI_Data[Sector],N$32,CPI_Data[Date],$K37), SUMIFS(CPI_Data[Spices],CPI_Data[Sector],N$32,CPI_Data[Date],$K37), SUMIFS(CPI_Data[Non-alcoholic beverages],CPI_Data[Sector],N$32,CPI_Data[Date],$K37), SUMIFS(CPI_Data[Prepared meals, snacks, sweets etc.],CPI_Data[Sector],N$32,CPI_Data[Date],$K37) ) -> 177.05 | O37: =(N37-N36)/N36 -> 0.0053470875 | P37: =AVERAGE( SUMIFS(CPI_Data[Cereals and products],CPI_Data[Sector],P$32,CPI_Data[Date],$K37), SUMIFS(CPI_Data[Meat and fish],CPI_Data[Sector],P$32,CPI_Data[Date],$K37), SUMIFS(CPI_Data[Egg],CPI_Data[Sector],P$32,CPI_Data[Date],$K37), SUMIFS(CPI_Data[Milk and products],CPI_Data[Sector],P$32,CPI_Data[Date],$K37), SUMIFS(CPI_Data[Oils and fats],CPI_Data[Sector],P$32,CPI_Data[Date],$K37), SUMIFS(CPI_Data[Fruits],CPI_Data[Sector],P$32,CPI_Data[Date],$K37), SUMIFS(CPI_Data[Vegetables],CPI_Data[Sector],P$32,CPI_Data[Date],$K37), SUMIFS(CPI_Data[Pulses and products],CPI_Data[Sector],P$32,CPI_Data[Date],$K37), SUMIFS(CPI_Data[Sugar and Confectionery],CPI_Data[Sector],P$32,CPI_Data[Date],$K37), SUMIFS(CPI_Data[Spices],CPI_Data[Sector],P$32,CPI_Data[Date],$K37), SUMIFS(CPI_Data[Non-alcoholic beverages],CPI_Data[Sector],P$32,CPI_Data[Date],$K37), SUMIFS(CPI_Data[Prepared meals, snacks, sweets etc.],CPI_Data[Sector],P$32,CPI_Data[Date],$K37) ) -> 175.25833 | Q37: =(P37-P36)/P36 -> 0.0048736203
K38: 44835 | L38: =AVERAGE( SUMIFS(CPI_Data[Cereals and products],CPI_Data[Sector],L$32,CPI_Data[Date],$K38), SUMIFS(CPI_Data[Meat and fish],CPI_Data[Sector],L$32,CPI_Data[Date],$K38), SUMIFS(CPI_Data[Egg],CPI_Data[Sector],L$32,CPI_Data[Date],$K38), SUMIFS(CPI_Data[Milk and products],CPI_Data[Sector],L$32,CPI_Data[Date],$K38), SUMIFS(CPI_Data[Oils and fats],CPI_Data[Sector],L$32,CPI_Data[Date],$K38), SUMIFS(CPI_Data[Fruits],CPI_Data[Sector],L$32,CPI_Data[Date],$K38), SUMIFS(CPI_Data[Vegetables],CPI_Data[Sector],L$32,CPI_Data[Date],$K38), SUMIFS(CPI_Data[Pulses and products],CPI_Data[Sector],L$32,CPI_Data[Date],$K38), SUMIFS(CPI_Data[Sugar and Confectionery],CPI_Data[Sector],L$32,CPI_Data[Date],$K38), SUMIFS(CPI_Data[Spices],CPI_Data[Sector],L$32,CPI_Data[Date],$K38), SUMIFS(CPI_Data[Non-alcoholic beverages],CPI_Data[Sector],L$32,CPI_Data[Date],$K38), SUMIFS(CPI_Data[Prepared meals, snacks, sweets etc.],CPI_Data[Sector],L$32,CPI_Data[Date],$K38) ) -> 175.59167 | M38: =(L38-L37)/L37 -> 0.0070735554 | N38: =AVERAGE( SUMIFS(CPI_Data[Cereals and products],CPI_Data[Sector],N$32,CPI_Data[Date],$K38), SUMIFS(CPI_Data[Meat and fish],CPI_Data[Sector],N$32,CPI_Data[Date],$K38), SUMIFS(CPI_Data[Egg],CPI_Data[Sector],N$32,CPI_Data[Date],$K38), SUMIFS(CPI_Data[Milk and products],CPI_Data[Sector],N$32,CPI_Data[Date],$K38), SUMIFS(CPI_Data[Oils and fats],CPI_Data[Sector],N$32,CPI_Data[Date],$K38), SUMIFS(CPI_Data[Fruits],CPI_Data[Sector],N$32,CPI_Data[Date],$K38), SUMIFS(CPI_Data[Vegetables],CPI_Data[Sector],N$32,CPI_Data[Date],$K38), SUMIFS(CPI_Data[Pulses and products],CPI_Data[Sector],N$32,CPI_Data[Date],$K38), SUMIFS(CPI_Data[Sugar and Confectionery],CPI_Data[Sector],N$32,CPI_Data[Date],$K38), SUMIFS(CPI_Data[Spices],CPI_Data[Sector],N$32,CPI_Data[Date],$K38), SUMIFS(CPI_Data[Non-alcoholic beverages],CPI_Data[Sector],N$32,CPI_Data[Date],$K38), SUMIFS(CPI_Data[Prepared meals, snacks, sweets etc.],CPI_Data[Sector],N$32,CPI_Data[Date],$K38) ) -> 178.25 | O38: =(N38-N37)/N37 -> 0.0067777464 | P38: =AVERAGE( SUMIFS(CPI_Data[Cereals and products],CPI_Data[Sector],P$32,CPI_Data[Date],$K38), SUMIFS(CPI_Data[Meat and fish],CPI_Data[Sector],P$32,CPI_Data[Date],$K38), SUMIFS(CPI_Data[Egg],CPI_Data[Sector],P$32,CPI_Data[Date],$K38), SUMIFS(CPI_Data[Milk and products],CPI_Data[Sector],P$32,CPI_Data[Date],$K38), SUMIFS(CPI_Data[Oils and fats],CPI_Data[Sector],P$32,CPI_Data[Date],$K38), SUMIFS(CPI_Data[Fruits],CPI_Data[Sector],P$32,CPI_Data[Date],$K38), SUMIFS(CPI_Data[Vegetables],CPI_Data[Sector],P$32,CPI_Data[Date],$K38), SUMIFS(CPI_Data[Pulses and products],CPI_Data[Sector],P$32,CPI_Data[Date],$K38), SUMIFS(CPI_Data[Sugar and Confectionery],CPI_Data[Sector],P$32,CPI_Data[Date],$K38), SUMIFS(CPI_Data[Spices],CPI_Data[Sector],P$32,CPI_Data[Date],$K38), SUMIFS(CPI_Data[Non-alcoholic beverages],CPI_Data[Sector],P$32,CPI_Data[Date],$K38), SUMIFS(CPI_Data[Prepared meals, snacks, sweets etc.],CPI_Data[Sector],P$32,CPI_Data[Date],$K38) ) -> 176.475 | Q38: =(P38-P37)/P37 -> 0.006942133
K39: 44866 | L39: =AVERAGE( SUMIFS(CPI_Data[Cereals and products],CPI_Data[Sector],L$32,CPI_Data[Date],$K39), SUMIFS(CPI_Data[Meat and fish],CPI_Data[Sector],L$32,CPI_Data[Date],$K39), SUMIFS(CPI_Data[Egg],CPI_Data[Sector],L$32,CPI_Data[Date],$K39), SUMIFS(CPI_Data[Milk and products],CPI_Data[Sector],L$32,CPI_Data[Date],$K39), SUMIFS(CPI_Data[Oils and fats],CPI_Data[Sector],L$32,CPI_Data[Date],$K39), SUMIFS(CPI_Data[Fruits],CPI_Data[Sector],L$32,CPI_Data[Date],$K39), SUMIFS(CPI_Data[Vegetables],CPI_Data[Sector],L$32,CPI_Data[Date],$K39), SUMIFS(CPI_Data[Pulses and products],CPI_Data[Sector],L$32,CPI_Data[Date],$K39), SUMIFS(CPI_Data[Sugar and Confectionery],CPI_Data[Sector],L$32,CPI_Data[Date],$K39), SUMIFS(CPI_Data[Spices],CPI_Data[Sector],L$32,CPI_Data[Date],$K39), SUMIFS(CPI_Data[Non-alcoholic beverages],CPI_Data[Sector],L$32,CPI_Data[Date],$K39), SUMIFS(CPI_Data[Prepared meals, snacks, sweets etc.],CPI_Data[Sector],L$32,CPI_Data[Date],$K39) ) -> 175.925 | M39: =(L39-L38)/L38 -> 0.0018983437 | N39: =AVERAGE( SUMIFS(CPI_Data[Cereals and products],CPI_Data[Sector],N$32,CPI_Data[Date],$K39), SUMIFS(CPI_Data[Meat and fish],CPI_Data[Sector],N$32,CPI_Data[Date],$K39), SUMIFS(CPI_Data[Egg],CPI_Data[Sector],N$32,CPI_Data[Date],$K39), SUMIFS(CPI_Data[Milk and products],CPI_Data[Sector],N$32,CPI_Data[Date],$K39), SUMIFS(CPI_Data[Oils and fats],CPI_Data[Sector],N$32,CPI_Data[Date],$K39), SUMIFS(CPI_Data[Fruits],CPI_Data[Sector],N$32,CPI_Data[Date],$K39), SUMIFS(CPI_Data[Vegetables],CPI_Data[Sector],N$32,CPI_Data[Date],$K39), SUMIFS(CPI_Data[Pulses and products],CPI_Data[Sector],N$32,CPI_Data[Date],$K39), SUMIFS(CPI_Data[Sugar and Confectionery],CPI_Data[Sector],N$32,CPI_Data[Date],$K39), SUMIFS(CPI_Data[Spices],CPI_Data[Sector],N$32,CPI_Data[Date],$K39), SUMIFS(CPI_Data[Non-alcoholic beverages],CPI_Data[Sector],N$32,CPI_Data[Date],$K39), SUMIFS(CPI_Data[Prepared meals, snacks, sweets etc.],CPI_Data[Sector],N$32,CPI_Data[Date],$K39) ) -> 177.75833 | O39: =(N39-N38)/N38 -> -0.0027582983 | P39: =AVERAGE( SUMIFS(CPI_Data[Cereals and products],CPI_Data[Sector],P$32,CPI_Data[Date],$K39), SUMIFS(CPI_Data[Meat and fish],CPI_Data[Sector],P$32,CPI_Data[Date],$K39), SUMIFS(CPI_Data[Egg],CPI_Data[Sector],P$32,CPI_Data[Date],$K39), SUMIFS(CPI_Data[Milk and products],CPI_Data[Sector],P$32,CPI_Data[Date],$K39), SUMIFS(CPI_Data[Oils and fats],CPI_Data[Sector],P$32,CPI_Data[Date],$K39), SUMIFS(CPI_Data[Fruits],CPI_Data[Sector],P$32,CPI_Data[Date],$K39), SUMIFS(CPI_Data[Vegetables],CPI_Data[Sector],P$32,CPI_Data[Date],$K39), SUMIFS(CPI_Data[Pulses and products],CPI_Data[Sector],P$32,CPI_Data[Date],$K39), SUMIFS(CPI_Data[Sugar and Confectionery],CPI_Data[Sector],P$32,CPI_Data[Date],$K39), SUMIFS(CPI_Data[Spices],CPI_Data[Sector],P$32,CPI_Data[Date],$K39), SUMIFS(CPI_Data[Non-alcoholic beverages],CPI_Data[Sector],P$32,CPI_Data[Date],$K39), SUMIFS(CPI_Data[Prepared meals, snacks, sweets etc.],CPI_Data[Sector],P$32,CPI_Data[Date],$K39) ) -> 176.54167 | Q39: =(P39-P38)/P38 -> 0.00037776833
K40: 44896 | L40: =AVERAGE( SUMIFS(CPI_Data[Cereals and products],CPI_Data[Sector],L$32,CPI_Data[Date],$K40), SUMIFS(CPI_Data[Meat and fish],CPI_Data[Sector],L$32,CPI_Data[Date],$K40), SUMIFS(CPI_Data[Egg],CPI_Data[Sector],L$32,CPI_Data[Date],$K40), SUMIFS(CPI_Data[Milk and products],CPI_Data[Sector],L$32,CPI_Data[Date],$K40), SUMIFS(CPI_Data[Oils and fats],CPI_Data[Sector],L$32,CPI_Data[Date],$K40), SUMIFS(CPI_Data[Fruits],CPI_Data[Sector],L$32,CPI_Data[Date],$K40), SUMIFS(CPI_Data[Vegetables],CPI_Data[Sector],L$32,CPI_Data[Date],$K40), SUMIFS(CPI_Data[Pulses and products],CPI_Data[Sector],L$32,CPI_Data[Date],$K40), SUMIFS(CPI_Data[Sugar and Confectionery],CPI_Data[Sector],L$32,CPI_Data[Date],$K40), SUMIFS(CPI_Data[Spices],CPI_Data[Sector],L$32,CPI_Data[Date],$K40), SUMIFS(CPI_Data[Non-alcoholic beverages],CPI_Data[Sector],L$32,CPI_Data[Date],$K40), SUMIFS(CPI_Data[Prepared meals, snacks, sweets etc.],CPI_Data[Sector],L$32,CPI_Data[Date],$K40) ) -> 175.225 | M40: =(L40-L39)/L39 -> -0.0039789683 | N40: =AVERAGE( SUMIFS(CPI_Data[Cereals and products],CPI_Data[Sector],N$32,CPI_Data[Date],$K40), SUMIFS(CPI_Data[Meat and fish],CPI_Data[Sector],N$32,CPI_Data[Date],$K40), SUMIFS(CPI_Data[Egg],CPI_Data[Sector],N$32,CPI_Data[Date],$K40), SUMIFS(CPI_Data[Milk and products],CPI_Data[Sector],N$32,CPI_Data[Date],$K40), SUMIFS(CPI_Data[Oils and fats],CPI_Data[Sector],N$32,CPI_Data[Date],$K40), SUMIFS(CPI_Data[Fruits],CPI_Data[Sector],N$32,CPI_Data[Date],$K40), SUMIFS(CPI_Data[Vegetables],CPI_Data[Sector],N$32,CPI_Data[Date],$K40), SUMIFS(CPI_Data[Pulses and products],CPI_Data[Sector],N$32,CPI_Data[Date],$K40), SUMIFS(CPI_Data[Sugar and Confectionery],CPI_Data[Sector],N$32,CPI_Data[Date],$K40), SUMIFS(CPI_Data[Spices],CPI_Data[Sector],N$32,CPI_Data[Date],$K40), SUMIFS(CPI_Data[Non-alcoholic beverages],CPI_Data[Sector],N$32,CPI_Data[Date],$K40), SUMIFS(CPI_Data[Prepared meals, snacks, sweets etc.],CPI_Data[Sector],N$32,CPI_Data[Date],$K40) ) -> 176.43333 | O40: =(N40-N39)/N39 -> -0.0074539403 | P40: =AVERAGE( SUMIFS(CPI_Data[Cereals and products],CPI_Data[Sector],P$32,CPI_Data[Date],$K40), SUMIFS(CPI_Data[Meat and fish],CPI_Data[Sector],P$32,CPI_Data[Date],$K40), SUMIFS(CPI_Data[Egg],CPI_Data[Sector],P$32,CPI_Data[Date],$K40), SUMIFS(CPI_Data[Milk and products],CPI_Data[Sector],P$32,CPI_Data[Date],$K40), SUMIFS(CPI_Data[Oils and fats],CPI_Data[Sector],P$32,CPI_Data[Date],$K40), SUMIFS(CPI_Data[Fruits],CPI_Data[Sector],P$32,CPI_Data[Date],$K40), SUMIFS(CPI_Data[Vegetables],CPI_Data[Sector],P$32,CPI_Data[Date],$K40), SUMIFS(CPI_Data[Pulses and products],CPI_Data[Sector],P$32,CPI_Data[Date],$K40), SUMIFS(CPI_Data[Sugar and Confectionery],CPI_Data[Sector],P$32,CPI_Data[Date],$K40), SUMIFS(CPI_Data[Spices],CPI_Data[Sector],P$32,CPI_Data[Date],$K40), SUMIFS(CPI_Data[Non-alcoholic beverages],CPI_Data[Sector],P$32,CPI_Data[Date],$K40), SUMIFS(CPI_Data[Prepared meals, snacks, sweets etc.],CPI_Data[Sector],P$32,CPI_Data[Date],$K40) ) -> 175.625 | Q40: =(P40-P39)/P39 -> -0.0051923531
K41: 44927 | L41: =AVERAGE( SUMIFS(CPI_Data[Cereals and products],CPI_Data[Sector],L$32,CPI_Data[Date],$K41), SUMIFS(CPI_Data[Meat and fish],CPI_Data[Sector],L$32,CPI_Data[Date],$K41), SUMIFS(CPI_Data[Egg],CPI_Data[Sector],L$32,CPI_Data[Date],$K41), SUMIFS(CPI_Data[Milk and products],CPI_Data[Sector],L$32,CPI_Data[Date],$K41), SUMIFS(CPI_Data[Oils and fats],CPI_Data[Sector],L$32,CPI_Data[Date],$K41), SUMIFS(CPI_Data[Fruits],CPI_Data[Sector],L$32,CPI_Data[Date],$K41), SUMIFS(CPI_Data[Vegetables],CPI_Data[Sector],L$32,CPI_Data[Date],$K41), SUMIFS(CPI_Data[Pulses and products],CPI_Data[Sector],L$32,CPI_Data[Date],$K41), SUMIFS(CPI_Data[Sugar and Confectionery],CPI_Data[Sector],L$32,CPI_Data[Date],$K41), SUMIFS(CPI_Data[Spices],CPI_Data[Sector],L$32,CPI_Data[Date],$K41), SUMIFS(CPI_Data[Non-alcoholic beverages],CPI_Data[Sector],L$32,CPI_Data[Date],$K41), SUMIFS(CPI_Data[Prepared meals, snacks, sweets etc.],CPI_Data[Sector],L$32,CPI_Data[Date],$K41) ) -> 175.68333 | M41: =(L41-L40)/L40 -> 0.0026156846 | N41: =AVERAGE( SUMIFS(CPI_Data[Cereals and products],CPI_Data[Sector],N$32,CPI_Data[Date],$K41), SUMIFS(CPI_Data[Meat and fish],CPI_Data[Sector],N$32,CPI_Data[Date],$K41), SUMIFS(CPI_Data[Egg],CPI_Data[Sector],N$32,CPI_Data[Date],$K41), SUMIFS(CPI_Data[Milk and products],CPI_Data[Sector],N$32,CPI_Data[Date],$K41), SUMIFS(CPI_Data[Oils and fats],CPI_Data[Sector],N$32,CPI_Data[Date],$K41), SUMIFS(CPI_Data[Fruits],CPI_Data[Sector],N$32,CPI_Data[Date],$K41), SUMIFS(CPI_Data[Vegetables],CPI_Data[Sector],N$32,CPI_Data[Date],$K41), SUMIFS(CPI_Data[Pulses and products],CPI_Data[Sector],N$32,CPI_Data[Date],$K41), SUMIFS(CPI_Data[Sugar and Confectionery],CPI_Data[Sector],N$32,CPI_Data[Date],$K41), SUMIFS(CPI_Data[Spices],CPI_Data[Sector],N$32,CPI_Data[Date],$K41), SUMIFS(CPI_Data[Non-alcoholic beverages],CPI_Data[Sector],N$32,CPI_Data[Date],$K41), SUMIFS(CPI_Data[Prepared meals, snacks, sweets etc.],CPI_Data[Sector],N$32,CPI_Data[Date],$K41) ) -> 177.55833 | O41: =(N41-N40)/N40 -> 0.0063763461 | P41: =AVERAGE( SUMIFS(CPI_Data[Cereals and products],CPI_Data[Sector],P$32,CPI_Data[Date],$K41), SUMIFS(CPI_Data[Meat and fish],CPI_Data[Sector],P$32,CPI_Data[Date],$K41), SUMIFS(CPI_Data[Egg],CPI_Data[Sector],P$32,CPI_Data[Date],$K41), SUMIFS(CPI_Data[Milk and products],CPI_Data[Sector],P$32,CPI_Data[Date],$K41), SUMIFS(CPI_Data[Oils and fats],CPI_Data[Sector],P$32,CPI_Data[Date],$K41), SUMIFS(CPI_Data[Fruits],CPI_Data[Sector],P$32,CPI_Data[Date],$K41), SUMIFS(CPI_Data[Vegetables],CPI_Data[Sector],P$32,CPI_Data[Date],$K41), SUMIFS(CPI_Data[Pulses and products],CPI_Data[Sector],P$32,CPI_Data[Date],$K41), SUMIFS(CPI_Data[Sugar and Confectionery],CPI_Data[Sector],P$32,CPI_Data[Date],$K41), SUMIFS(CPI_Data[Spices],CPI_Data[Sector],P$32,CPI_Data[Date],$K41), SUMIFS(CPI_Data[Non-alcoholic beverages],CPI_Data[Sector],P$32,CPI_Data[Date],$K41), SUMIFS(CPI_Data[Prepared meals, snacks, sweets etc.],CPI_Data[Sector],P$32,CPI_Data[Date],$K41) ) -> 176.33333 | Q41: =(P41-P40)/P40 -> 0.0040332147
K42: 44958 | L42: =AVERAGE( SUMIFS(CPI_Data[Cereals and products],CPI_Data[Sector],L$32,CPI_Data[Date],$K42), SUMIFS(CPI_Data[Meat and fish],CPI_Data[Sector],L$32,CPI_Data[Date],$K42), SUMIFS(CPI_Data[Egg],CPI_Data[Sector],L$32,CPI_Data[Date],$K42), SUMIFS(CPI_Data[Milk and products],CPI_Data[Sector],L$32,CPI_Data[Date],$K42), SUMIFS(CPI_Data[Oils and fats],CPI_Data[Sector],L$32,CPI_Data[Date],$K42), SUMIFS(CPI_Data[Fruits],CPI_Data[Sector],L$32,CPI_Data[Date],$K42), SUMIFS(CPI_Data[Vegetables],CPI_Data[Sector],L$32,CPI_Data[Date],$K42), SUMIFS(CPI_Data[Pulses and products],CPI_Data[Sector],L$32,CPI_Data[Date],$K42), SUMIFS(CPI_Data[Sugar and Confectionery],CPI_Data[Sector],L$32,CPI_Data[Date],$K42), SUMIFS(CPI_Data[Spices],CPI_Data[Sector],L$32,CPI_Data[Date],$K42), SUMIFS(CPI_Data[Non-alcoholic beverages],CPI_Data[Sector],L$32,CPI_Data[Date],$K42), SUMIFS(CPI_Data[Prepared meals, snacks, sweets etc.],CPI_Data[Sector],L$32,CPI_Data[Date],$K42) ) -> 174.24167 | M42: =(L42-L41)/L41 -> -0.0082060526 | N42: =AVERAGE( SUMIFS(CPI_Data[Cereals and products],CPI_Data[Sector],N$32,CPI_Data[Date],$K42), SUMIFS(CPI_Data[Meat and fish],CPI_Data[Sector],N$32,CPI_Data[Date],$K42), SUMIFS(CPI_Data[Egg],CPI_Data[Sector],N$32,CPI_Data[Date],$K42), SUMIFS(CPI_Data[Milk and products],CPI_Data[Sector],N$32,CPI_Data[Date],$K42), SUMIFS(CPI_Data[Oils and fats],CPI_Data[Sector],N$32,CPI_Data[Date],$K42), SUMIFS(CPI_Data[Fruits],CPI_Data[Sector],N$32,CPI_Data[Date],$K42), SUMIFS(CPI_Data[Vegetables],CPI_Data[Sector],N$32,CPI_Data[Date],$K42), SUMIFS(CPI_Data[Pulses and products],CPI_Data[Sector],N$32,CPI_Data[Date],$K42), SUMIFS(CPI_Data[Sugar and Confectionery],CPI_Data[Sector],N$32,CPI_Data[Date],$K42), SUMIFS(CPI_Data[Spices],CPI_Data[Sector],N$32,CPI_Data[Date],$K42), SUMIFS(CPI_Data[Non-alcoholic beverages],CPI_Data[Sector],N$32,CPI_Data[Date],$K42), SUMIFS(CPI_Data[Prepared meals, snacks, sweets etc.],CPI_Data[Sector],N$32,CPI_Data[Date],$K42) ) -> 176.875 | O42: =(N42-N41)/N41 -> -0.0038485005 | P42: =AVERAGE( SUMIFS(CPI_Data[Cereals and products],CPI_Data[Sector],P$32,CPI_Data[Date],$K42), SUMIFS(CPI_Data[Meat and fish],CPI_Data[Sector],P$32,CPI_Data[Date],$K42), SUMIFS(CPI_Data[Egg],CPI_Data[Sector],P$32,CPI_Data[Date],$K42), SUMIFS(CPI_Data[Milk and products],CPI_Data[Sector],P$32,CPI_Data[Date],$K42), SUMIFS(CPI_Data[Oils and fats],CPI_Data[Sector],P$32,CPI_Data[Date],$K42), SUMIFS(CPI_Data[Fruits],CPI_Data[Sector],P$32,CPI_Data[Date],$K42), SUMIFS(CPI_Data[Vegetables],CPI_Data[Sector],P$32,CPI_Data[Date],$K42), SUMIFS(CPI_Data[Pulses and products],CPI_Data[Sector],P$32,CPI_Data[Date],$K42), SUMIFS(CPI_Data[Sugar and Confectionery],CPI_Data[Sector],P$32,CPI_Data[Date],$K42), SUMIFS(CPI_Data[Spices],CPI_Data[Sector],P$32,CPI_Data[Date],$K42), SUMIFS(CPI_Data[Non-alcoholic beverages],CPI_Data[Sector],P$32,CPI_Data[Date],$K42), SUMIFS(CPI_Data[Prepared meals, snacks, sweets etc.],CPI_Data[Sector],P$32,CPI_Data[Date],$K42) ) -> 175.175 | Q42: =(P42-P41)/P41 -> -0.0065689981
K43: 44986 | L43: =AVERAGE( SUMIFS(CPI_Data[Cereals and products],CPI_Data[Sector],L$32,CPI_Data[Date],$K43), SUMIFS(CPI_Data[Meat and fish],CPI_Data[Sector],L$32,CPI_Data[Date],$K43), SUMIFS(CPI_Data[Egg],CPI_Data[Sector],L$32,CPI_Data[Date],$K43), SUMIFS(CPI_Data[Milk and products],CPI_Data[Sector],L$32,CPI_Data[Date],$K43), SUMIFS(CPI_Data[Oils and fats],CPI_Data[Sector],L$32,CPI_Data[Date],$K43), SUMIFS(CPI_Data[Fruits],CPI_Data[Sector],L$32,CPI_Data[Date],$K43), SUMIFS(CPI_Data[Vegetables],CPI_Data[Sector],L$32,CPI_Data[Date],$K43), SUMIFS(CPI_Data[Pulses and products],CPI_Data[Sector],L$32,CPI_Data[Date],$K43), SUMIFS(CPI_Data[Sugar and Confectionery],CPI_Data[Sector],L$32,CPI_Data[Date],$K43), SUMIFS(CPI_Data[Spices],CPI_Data[Sector],L$32,CPI_Data[Date],$K43), SUMIFS(CPI_Data[Non-alcoholic beverages],CPI_Data[Sector],L$32,CPI_Data[Date],$K43), SUMIFS(CPI_Data[Prepared meals, snacks, sweets etc.],CPI_Data[Sector],L$32,CPI_Data[Date],$K43) ) -> 174.25 | M43: =(L43-L42)/L42 -> 4.7826295e-05 | N43: =AVERAGE( SUMIFS(CPI_Data[Cereals and products],CPI_Data[Sector],N$32,CPI_Data[Date],$K43), SUMIFS(CPI_Data[Meat and fish],CPI_Data[Sector],N$32,CPI_Data[Date],$K43), SUMIFS(CPI_Data[Egg],CPI_Data[Sector],N$32,CPI_Data[Date],$K43), SUMIFS(CPI_Data[Milk and products],CPI_Data[Sector],N$32,CPI_Data[Date],$K43), SUMIFS(CPI_Data[Oils and fats],CPI_Data[Sector],N$32,CPI_Data[Date],$K43), SUMIFS(CPI_Data[Fruits],CPI_Data[Sector],N$32,CPI_Data[Date],$K43), SUMIFS(CPI_Data[Vegetables],CPI_Data[Sector],N$32,CPI_Data[Date],$K43), SUMIFS(CPI_Data[Pulses and products],CPI_Data[Sector],N$32,CPI_Data[Date],$K43), SUMIFS(CPI_Data[Sugar and Confectionery],CPI_Data[Sector],N$32,CPI_Data[Date],$K43), SUMIFS(CPI_Data[Spices],CPI_Data[Sector],N$32,CPI_Data[Date],$K43), SUMIFS(CPI_Data[Non-alcoholic beverages],CPI_Data[Sector],N$32,CPI_Data[Date],$K43), SUMIFS(CPI_Data[Prepared meals, snacks, sweets etc.],CPI_Data[Sector],N$32,CPI_Data[Date],$K43) ) -> 176.88333 | O43: =(N43-N42)/N42 -> 4.7114252e-05 | P43: =AVERAGE( SUMIFS(CPI_Data[Cereals and products],CPI_Data[Sector],P$32,CPI_Data[Date],$K43), SUMIFS(CPI_Data[Meat and fish],CPI_Data[Sector],P$32,CPI_Data[Date],$K43), SUMIFS(CPI_Data[Egg],CPI_Data[Sector],P$32,CPI_Data[Date],$K43), SUMIFS(CPI_Data[Milk and products],CPI_Data[Sector],P$32,CPI_Data[Date],$K43), SUMIFS(CPI_Data[Oils and fats],CPI_Data[Sector],P$32,CPI_Data[Date],$K43), SUMIFS(CPI_Data[Fruits],CPI_Data[Sector],P$32,CPI_Data[Date],$K43), SUMIFS(CPI_Data[Vegetables],CPI_Data[Sector],P$32,CPI_Data[Date],$K43), SUMIFS(CPI_Data[Pulses and products],CPI_Data[Sector],P$32,CPI_Data[Date],$K43), SUMIFS(CPI_Data[Sugar and Confectionery],CPI_Data[Sector],P$32,CPI_Data[Date],$K43), SUMIFS(CPI_Data[Spices],CPI_Data[Sector],P$32,CPI_Data[Date],$K43), SUMIFS(CPI_Data[Non-alcoholic beverages],CPI_Data[Sector],P$32,CPI_Data[Date],$K43), SUMIFS(CPI_Data[Prepared meals, snacks, sweets etc.],CPI_Data[Sector],P$32,CPI_Data[Date],$K43) ) -> 175.18333 | Q43: =(P43-P42)/P42 -> 4.7571476e-05
K44: 45017 | L44: =AVERAGE( SUMIFS(CPI_Data[Cereals and products],CPI_Data[Sector],L$32,CPI_Data[Date],$K44), SUMIFS(CPI_Data[Meat and fish],CPI_Data[Sector],L$32,CPI_Data[Date],$K44), SUMIFS(CPI_Data[Egg],CPI_Data[Sector],L$32,CPI_Data[Date],$K44), SUMIFS(CPI_Data[Milk and products],CPI_Data[Sector],L$32,CPI_Data[Date],$K44), SUMIFS(CPI_Data[Oils and fats],CPI_Data[Sector],L$32,CPI_Data[Date],$K44), SUMIFS(CPI_Data[Fruits],CPI_Data[Sector],L$32,CPI_Data[Date],$K44), SUMIFS(CPI_Data[Vegetables],CPI_Data[Sector],L$32,CPI_Data[Date],$K44), SUMIFS(CPI_Data[Pulses and products],CPI_Data[Sector],L$32,CPI_Data[Date],$K44), SUMIFS(CPI_Data[Sugar and Confectionery],CPI_Data[Sector],L$32,CPI_Data[Date],$K44), SUMIFS(CPI_Data[Spices],CPI_Data[Sector],L$32,CPI_Data[Date],$K44), SUMIFS(CPI_Data[Non-alcoholic beverages],CPI_Data[Sector],L$32,CPI_Data[Date],$K44), SUMIFS(CPI_Data[Prepared meals, snacks, sweets etc.],CPI_Data[Sector],L$32,CPI_Data[Date],$K44) ) -> 174.89167 | M44: =(L44-L43)/L43 -> 0.0036824486 | N44: =AVERAGE( SUMIFS(CPI_Data[Cereals and products],CPI_Data[Sector],N$32,CPI_Data[Date],$K44), SUMIFS(CPI_Data[Meat and fish],CPI_Data[Sector],N$32,CPI_Data[Date],$K44), SUMIFS(CPI_Data[Egg],CPI_Data[Sector],N$32,CPI_Data[Date],$K44), SUMIFS(CPI_Data[Milk and products],CPI_Data[Sector],N$32,CPI_Data[Date],$K44), SUMIFS(CPI_Data[Oils and fats],CPI_Data[Sector],N$32,CPI_Data[Date],$K44), SUMIFS(CPI_Data[Fruits],CPI_Data[Sector],N$32,CPI_Data[Date],$K44), SUMIFS(CPI_Data[Vegetables],CPI_Data[Sector],N$32,CPI_Data[Date],$K44), SUMIFS(CPI_Data[Pulses and products],CPI_Data[Sector],N$32,CPI_Data[Date],$K44), SUMIFS(CPI_Data[Sugar and Confectionery],CPI_Data[Sector],N$32,CPI_Data[Date],$K44), SUMIFS(CPI_Data[Spices],CPI_Data[Sector],N$32,CPI_Data[Date],$K44), SUMIFS(CPI_Data[Non-alcoholic beverages],CPI_Data[Sector],N$32,CPI_Data[Date],$K44), SUMIFS(CPI_Data[Prepared meals, snacks, sweets etc.],CPI_Data[Sector],N$32,CPI_Data[Date],$K44) ) -> 177.96667 | O44: =(N44-N43)/N43 -> 0.0061245642 | P44: =AVERAGE( SUMIFS(CPI_Data[Cereals and products],CPI_Data[Sector],P$32,CPI_Data[Date],$K44), SUMIFS(CPI_Data[Meat and fish],CPI_Data[Sector],P$32,CPI_Data[Date],$K44), SUMIFS(CPI_Data[Egg],CPI_Data[Sector],P$32,CPI_Data[Date],$K44), SUMIFS(CPI_Data[Milk and products],CPI_Data[Sector],P$32,CPI_Data[Date],$K44), SUMIFS(CPI_Data[Oils and fats],CPI_Data[Sector],P$32,CPI_Data[Date],$K44), SUMIFS(CPI_Data[Fruits],CPI_Data[Sector],P$32,CPI_Data[Date],$K44), SUMIFS(CPI_Data[Vegetables],CPI_Data[Sector],P$32,CPI_Data[Date],$K44), SUMIFS(CPI_Data[Pulses and products],CPI_Data[Sector],P$32,CPI_Data[Date],$K44), SUMIFS(CPI_Data[Sugar and Confectionery],CPI_Data[Sector],P$32,CPI_Data[Date],$K44), SUMIFS(CPI_Data[Spices],CPI_Data[Sector],P$32,CPI_Data[Date],$K44), SUMIFS(CPI_Data[Non-alcoholic beverages],CPI_Data[Sector],P$32,CPI_Data[Date],$K44), SUMIFS(CPI_Data[Prepared meals, snacks, sweets etc.],CPI_Data[Sector],P$32,CPI_Data[Date],$K44) ) -> 175.975 | Q44: =(P44-P43)/P43 -> 0.0045190753
K45: 45047 | L45: =AVERAGE( SUMIFS(CPI_Data[Cereals and products],CPI_Data[Sector],L$32,CPI_Data[Date],$K45), SUMIFS(CPI_Data[Meat and fish],CPI_Data[Sector],L$32,CPI_Data[Date],$K45), SUMIFS(CPI_Data[Egg],CPI_Data[Sector],L$32,CPI_Data[Date],$K45), SUMIFS(CPI_Data[Milk and products],CPI_Data[Sector],L$32,CPI_Data[Date],$K45), SUMIFS(CPI_Data[Oils and fats],CPI_Data[Sector],L$32,CPI_Data[Date],$K45), SUMIFS(CPI_Data[Fruits],CPI_Data[Sector],L$32,CPI_Data[Date],$K45), SUMIFS(CPI_Data[Vegetables],CPI_Data[Sector],L$32,CPI_Data[Date],$K45), SUMIFS(CPI_Data[Pulses and products],CPI_Data[Sector],L$32,CPI_Data[Date],$K45), SUMIFS(CPI_Data[Sugar and Confectionery],CPI_Data[Sector],L$32,CPI_Data[Date],$K45), SUMIFS(CPI_Data[Spices],CPI_Data[Sector],L$32,CPI_Data[Date],$K45), SUMIFS(CPI_Data[Non-alcoholic beverages],CPI_Data[Sector],L$32,CPI_Data[Date],$K45), SUMIFS(CPI_Data[Prepared meals, snacks, sweets etc.],CPI_Data[Sector],L$32,CPI_Data[Date],$K45) ) -> 176.15833 | M45: =(L45-L44)/L44 -> 0.0072425787 | N45: =AVERAGE( SUMIFS(CPI_Data[Cereals and products],CPI_Data[Sector],N$32,CPI_Data[Date],$K45), SUMIFS(CPI_Data[Meat and fish],CPI_Data[Sector],N$32,CPI_Data[Date],$K45), SUMIFS(CPI_Data[Egg],CPI_Data[Sector],N$32,CPI_Data[Date],$K45), SUMIFS(CPI_Data[Milk and products],CPI_Data[Sector],N$32,CPI_Data[Date],$K45), SUMIFS(CPI_Data[Oils and fats],CPI_Data[Sector],N$32,CPI_Data[Date],$K45), SUMIFS(CPI_Data[Fruits],CPI_Data[Sector],N$32,CPI_Data[Date],$K45), SUMIFS(CPI_Data[Vegetables],CPI_Data[Sector],N$32,CPI_Data[Date],$K45), SUMIFS(CPI_Data[Pulses and products],CPI_Data[Sector],N$32,CPI_Data[Date],$K45), SUMIFS(CPI_Data[Sugar and Confectionery],CPI_Data[Sector],N$32,CPI_Data[Date],$K45), SUMIFS(CPI_Data[Spices],CPI_Data[Sector],N$32,CPI_Data[Date],$K45), SUMIFS(CPI_Data[Non-alcoholic beverages],CPI_Data[Sector],N$32,CPI_Data[Date],$K45), SUMIFS(CPI_Data[Prepared meals, snacks, sweets etc.],CPI_Data[Sector],N$32,CPI_Data[Date],$K45) ) -> 179.33333 | O45: =(N45-N44)/N44 -> 0.0076793407 | P45: =AVERAGE( SUMIFS(CPI_Data[Cereals and products],CPI_Data[Sector],P$32,CPI_Data[Date],$K45), SUMIFS(CPI_Data[Meat and fish],CPI_Data[Sector],P$32,CPI_Data[Date],$K45), SUMIFS(CPI_Data[Egg],CPI_Data[Sector],P$32,CPI_Data[Date],$K45), SUMIFS(CPI_Data[Milk and products],CPI_Data[Sector],P$32,CPI_Data[Date],$K45), SUMIFS(CPI_Data[Oils and fats],CPI_Data[Sector],P$32,CPI_Data[Date],$K45), SUMIFS(CPI_Data[Fruits],CPI_Data[Sector],P$32,CPI_Data[Date],$K45), SUMIFS(CPI_Data[Vegetables],CPI_Data[Sector],P$32,CPI_Data[Date],$K45), SUMIFS(CPI_Data[Pulses and products],CPI_Data[Sector],P$32,CPI_Data[Date],$K45), SUMIFS(CPI_Data[Sugar and Confectionery],CPI_Data[Sector],P$32,CPI_Data[Date],$K45), SUMIFS(CPI_Data[Spices],CPI_Data[Sector],P$32,CPI_Data[Date],$K45), SUMIFS(CPI_Data[Non-alcoholic beverages],CPI_Data[Sector],P$32,CPI_Data[Date],$K45), SUMIFS(CPI_Data[Prepared meals, snacks, sweets etc.],CPI_Data[Sector],P$32,CPI_Data[Date],$K45) ) -> 177.31667 | Q45: =(P45-P44)/P44 -> 0.007624189
B81: Rural | G81: Urban | K81: Rural+Urban
B82: Food Categories | C82: 44713 | D82: 45047 | E82: Absolute Change Rural | F82: Change Percentage | G82: 44713 | H82: 45047 | I82: Absolute Change Urban | J82: Change Percentage | K82: 44713 | L82: 45047 | M82: Absolute Change Rural+Urban | N82: Change Percentage
B83: Spices | C83: {=INDEX(CPI_Data[#Data],MATCH(1,(CPI_Data[Sector]=$B$81)*(CPI_Data[Date]=C$82),0),MATCH($B83,CPI_Data[#Headers],0))} -> 188.9 | D83: {=INDEX(CPI_Data[#Data], MATCH(1,(CPI_Data[Sector]=$B$81)*(CPI_Data[Date] = $D$82),0), MATCH($B83,CPI_Data[#Headers],0))} -> 221 | E83: =D83-C83 -> 32.1 | F83: =(D83-C83)/C83 -> 0.16993118 | G83: {=INDEX(CPI_Data[#Data], MATCH(1,(CPI_Data[Sector] = $G$81)*(CPI_Data[Date] = G$82),0), MATCH($B83,CPI_Data[#Headers],0))} -> 183.5 | H83: {=INDEX(CPI_Data[#Data], MATCH(1,(CPI_Data[Sector] = $G$81)*(CPI_Data[Date] = H$82),0), MATCH($B83,CPI_Data[#Headers],0))} -> 211.9 | I83: =H83-G83 -> 28.4 | J83: =(H83-G83)/G83 -> 0.15476839 | K83: {=INDEX(CPI_Data[#Data], MATCH(1,(CPI_Data[Sector] = $K$81)*(CPI_Data[Date] = K$82),0), MATCH($B83,CPI_Data[#Headers],0))} -> 187.1 | L83: {=INDEX(CPI_Data[#Data], MATCH(1,(CPI_Data[Sector] = $K$81)*(CPI_Data[Date] = L$82),0), MATCH($B83,CPI_Data[#Headers],0))} -> 218 | M83: =L83-K83 -> 30.9 | N83: =(L83-K83)/K83 -> 0.16515232
B84: Cereals and products | C84: {=INDEX(CPI_Data[#Data],MATCH(1,(CPI_Data[Sector]=$B$81)*(CPI_Data[Date]=C$82),0),MATCH($B84,CPI_Data[#Headers],0))} -> 153.8 | D84: {=INDEX(CPI_Data[#Data], MATCH(1,(CPI_Data[Sector]=$B$81)*(CPI_Data[Date] = $D$82),0), MATCH($B84,CPI_Data[#Headers],0))} -> 173.2 | E84: =D84-C84 -> 19.4 | F84: =(D84-C84)/C84 -> 0.12613784 | G84: {=INDEX(CPI_Data[#Data], MATCH(1,(CPI_Data[Sector] = $G$81)*(CPI_Data[Date] = G$82),0), MATCH($B84,CPI_Data[#Headers],0))} -> 157.5 | H84: {=INDEX(CPI_Data[#Data], MATCH(1,(CPI_Data[Sector] = $G$81)*(CPI_Data[Date] = H$82),0), MATCH($B84,CPI_Data[#Headers],0))} -> 174.7 | I84: =H84-G84 -> 17.2 | J84: =(H84-G84)/G84 -> 0.10920635 | K84: {=INDEX(CPI_Data[#Data], MATCH(1,(CPI_Data[Sector] = $K$81)*(CPI_Data[Date] = K$82),0), MATCH($B84,CPI_Data[#Headers],0))} -> 155 | L84: {=INDEX(CPI_Data[#Data], MATCH(1,(CPI_Data[Sector] = $K$81)*(CPI_Data[Date] = L$82),0), MATCH($B84,CPI_Data[#Headers],0))} -> 173.7 | M84: =L84-K84 -> 18.7 | N84: =(L84-K84)/K84 -> 0.12064516
B85: Milk and products | C85: {=INDEX(CPI_Data[#Data],MATCH(1,(CPI_Data[Sector]=$B$81)*(CPI_Data[Date]=C$82),0),MATCH($B85,CPI_Data[#Headers],0))} -> 165.4 | D85: {=INDEX(CPI_Data[#Data], MATCH(1,(CPI_Data[Sector]=$B$81)*(CPI_Data[Date] = $D$82),0), MATCH($B85,CPI_Data[#Headers],0))} -> 179.6 | E85: =D85-C85 -> 14.2 | F85: =(D85-C85)/C85 -> 0.085852479 | G85: {=INDEX(CPI_Data[#Data], MATCH(1,(CPI_Data[Sector] = $G$81)*(CPI_Data[Date] = G$82),0), MATCH($B85,CPI_Data[#Headers],0))} -> 166.4 | H85: {=INDEX(CPI_Data[#Data], MATCH(1,(CPI_Data[Sector] = $G$81)*(CPI_Data[Date] = H$82),0), MATCH($B85,CPI_Data[#Headers],0))} -> 179.4 | I85: =H85-G85 -> 13 | J85: =(H85-G85)/G85 -> 0.078125 | K85: {=INDEX(CPI_Data[#Data], MATCH(1,(CPI_Data[Sector] = $K$81)*(CPI_Data[Date] = K$82),0), MATCH($B85,CPI_Data[#Headers],0))} -> 165.8 | L85: {=INDEX(CPI_Data[#Data], MATCH(1,(CPI_Data[Sector] = $K$81)*(CPI_Data[Date] = L$82),0), MATCH($B85,CPI_Data[#Headers],0))} -> 179.5 | M85: =L85-K85 -> 13.7 | N85: =(L85-K85)/K85 -> 0.082629674
B86: Pulses and products | C86: {=INDEX(CPI_Data[#Data],MATCH(1,(CPI_Data[Sector]=$B$81)*(CPI_Data[Date]=C$82),0),MATCH($B86,CPI_Data[#Headers],0))} -> 164.6 | D86: {=INDEX(CPI_Data[#Data], MATCH(1,(CPI_Data[Sector]=$B$81)*(CPI_Data[Date] = $D$82),0), MATCH($B86,CPI_Data[#Headers],0))} -> 174.9 | E86: =D86-C86 -> 10.3 | F86: =(D86-C86)/C86 -> 0.062575942 | G86: {=INDEX(CPI_Data[#Data], MATCH(1,(CPI_Data[Sector] = $G$81)*(CPI_Data[Date] = G$82),0), MATCH($B86,CPI_Data[#Headers],0))} -> 163.6 | H86: {=INDEX(CPI_Data[#Data], MATCH(1,(CPI_Data[Sector] = $G$81)*(CPI_Data[Date] = H$82),0), MATCH($B86,CPI_Data[#Headers],0))} -> 176.9 | I86: =H86-G86 -> 13.3 | J86: =(H86-G86)/G86 -> 0.081295844 | K86: {=INDEX(CPI_Data[#Data], MATCH(1,(CPI_Data[Sector] = $K$81)*(CPI_Data[Date] = K$82),0), MATCH($B86,CPI_Data[#Headers],0))} -> 164.3 | L86: {=INDEX(CPI_Data[#Data], MATCH(1,(CPI_Data[Sector] = $K$81)*(CPI_Data[Date] = L$82),0), MATCH($B86,CPI_Data[#Headers],0))} -> 175.6 | M86: =L86-K86 -> 11.3 | N86: =(L86-K86)/K86 -> 0.068776628
B87: Prepared meals, snacks, sweets etc. | C87: {=INDEX(CPI_Data[#Data],MATCH(1,(CPI_Data[Sector]=$B$81)*(CPI_Data[Date]=C$82),0),MATCH($B87,CPI_Data[#Headers],0))} -> 181.9 | D87: {=INDEX(CPI_Data[#Data], MATCH(1,(CPI_Data[Sector]=$B$81)*(CPI_Data[Date] = $D$82),0), MATCH($B87,CPI_Data[#Headers],0))} -> 191.1 | E87: =D87-C87 -> 9.2 | F87: =(D87-C87)/C87 -> 0.05057724 | G87: {=INDEX(CPI_Data[#Data], MATCH(1,(CPI_Data[Sector] = $G$81)*(CPI_Data[Date] = G$82),0), MATCH($B87,CPI_Data[#Headers],0))} -> 186.3 | H87: {=INDEX(CPI_Data[#Data], MATCH(1,(CPI_Data[Sector] = $G$81)*(CPI_Data[Date] = H$82),0), MATCH($B87,CPI_Data[#Headers],0))} -> 197.7 | I87: =H87-G87 -> 11.4 | J87: =(H87-G87)/G87 -> 0.061191626 | K87: {=INDEX(CPI_Data[#Data], MATCH(1,(CPI_Data[Sector] = $K$81)*(CPI_Data[Date] = K$82),0), MATCH($B87,CPI_Data[#Headers],0))} -> 183.9 | L87: {=INDEX(CPI_Data[#Data], MATCH(1,(CPI_Data[Sector] = $K$81)*(CPI_Data[Date] = L$82),0), MATCH($B87,CPI_Data[#Headers],0))} -> 194.2 | M87: =L87-K87 -> 10.3 | N87: =(L87-K87)/K87 -> 0.0560087
B88: Non-alcoholic beverages | C88: {=INDEX(CPI_Data[#Data],MATCH(1,(CPI_Data[Sector]=$B$81)*(CPI_Data[Date]=C$82),0),MATCH($B88,CPI_Data[#Headers],0))} -> 174.2 | D88: {=INDEX(CPI_Data[#Data], MATCH(1,(CPI_Data[Sector]=$B$81)*(CPI_Data[Date] = $D$82),0), MATCH($B88,CPI_Data[#Headers],0))} -> 178.7 | E88: =D88-C88 -> 4.5 | F88: =(D88-C88)/C88 -> 0.025832377 | G88: {=INDEX(CPI_Data[#Data], MATCH(1,(CPI_Data[Sector] = $G$81)*(CPI_Data[Date] = G$82),0), MATCH($B88,CPI_Data[#Headers],0))} -> 159.1 | H88: {=INDEX(CPI_Data[#Data], MATCH(1,(CPI_Data[Sector] = $G$81)*(CPI_Data[Date] = H$82),0), MATCH($B88,CPI_Data[#Headers],0))} -> 165.9 | I88: =H88-G88 -> 6.8 | J88: =(H88-G88)/G88 -> 0.042740415 | K88: {=INDEX(CPI_Data[#Data], MATCH(1,(CPI_Data[Sector] = $K$81)*(CPI_Data[Date] = K$82),0), MATCH($B88,CPI_Data[#Headers],0))} -> 167.9 | L88: {=INDEX(CPI_Data[#Data], MATCH(1,(CPI_Data[Sector] = $K$81)*(CPI_Data[Date] = L$82),0), MATCH($B88,CPI_Data[#Headers],0))} -> 173.4 | M88: =L88-K88 -> 5.5 | N88: =(L88-K88)/K88 -> 0.032757594
B89: Fruits | C89: {=INDEX(CPI_Data[#Data],MATCH(1,(CPI_Data[Sector]=$B$81)*(CPI_Data[Date]=C$82),0),MATCH($B89,CPI_Data[#Headers],0))} -> 165.8 | D89: {=INDEX(CPI_Data[#Data], MATCH(1,(CPI_Data[Sector]=$B$81)*(CPI_Data[Date] = $D$82),0), MATCH($B89,CPI_Data[#Headers],0))} -> 169 | E89: =D89-C89 -> 3.2 | F89: =(D89-C89)/C89 -> 0.019300362 | G89: {=INDEX(CPI_Data[#Data], MATCH(1,(CPI_Data[Sector] = $G$81)*(CPI_Data[Date] = G$82),0), MATCH($B89,CPI_Data[#Headers],0))} -> 174.1 | H89: {=INDEX(CPI_Data[#Data], MATCH(1,(CPI_Data[Sector] = $G$81)*(CPI_Data[Date] = H$82),0), MATCH($B89,CPI_Data[#Headers],0))} -> 175.8 | I89: =H89-G89 -> 1.7 | J89: =(H89-G89)/G89 -> 0.0097645032 | K89: {=INDEX(CPI_Data[#Data], MATCH(1,(CPI_Data[Sector] = $K$81)*(CPI_Data[Date] = K$82),0), MATCH($B89,CPI_Data[#Headers],0))} -> 169.7 | L89: {=INDEX(CPI_Data[#Data], MATCH(1,(CPI_Data[Sector] = $K$81)*(CPI_Data[Date] = L$82),0), MATCH($B89,CPI_Data[#Headers],0))} -> 172.2 | M89: =L89-K89 -> 2.5 | N89: =(L89-K89)/K89 -> 0.01473188
B90: Sugar and Confectionery | C90: {=INDEX(CPI_Data[#Data],MATCH(1,(CPI_Data[Sector]=$B$81)*(CPI_Data[Date]=C$82),0),MATCH($B90,CPI_Data[#Headers],0))} -> 119.1 | D90: {=INDEX(CPI_Data[#Data], MATCH(1,(CPI_Data[Sector]=$B$81)*(CPI_Data[Date] = $D$82),0), MATCH($B90,CPI_Data[#Headers],0))} -> 121.9 | E90: =D90-C90 -> 2.8 | F90: =(D90-C90)/C90 -> 0.023509656 | G90: {=INDEX(CPI_Data[#Data], MATCH(1,(CPI_Data[Sector] = $G$81)*(CPI_Data[Date] = G$82),0), MATCH($B90,CPI_Data[#Headers],0))} -> 121.4 | H90: {=INDEX(CPI_Data[#Data], MATCH(1,(CPI_Data[Sector] = $G$81)*(CPI_Data[Date] = H$82),0), MATCH($B90,CPI_Data[#Headers],0))} -> 124.2 | I90: =H90-G90 -> 2.8 | J90: =(H90-G90)/G90 -> 0.02306425 | K90: {=INDEX(CPI_Data[#Data], MATCH(1,(CPI_Data[Sector] = $K$81)*(CPI_Data[Date] = K$82),0), MATCH($B90,CPI_Data[#Headers],0))} -> 119.9 | L90: {=INDEX(CPI_Data[#Data], MATCH(1,(CPI_Data[Sector] = $K$81)*(CPI_Data[Date] = L$82),0), MATCH($B90,CPI_Data[#Headers],0))} -> 122.7 | M90: =L90-K90 -> 2.8 | N90: =(L90-K90)/K90 -> 0.023352794
B91: Egg | C91: {=INDEX(CPI_Data[#Data],MATCH(1,(CPI_Data[Sector]=$B$81)*(CPI_Data[Date]=C$82),0),MATCH($B91,CPI_Data[#Headers],0))} -> 169.6 | D91: {=INDEX(CPI_Data[#Data], MATCH(1,(CPI_Data[Sector]=$B$81)*(CPI_Data[Date] = $D$82),0), MATCH($B91,CPI_Data[#Headers],0))} -> 171 | E91: =D91-C91 -> 1.4 | F91: =(D91-C91)/C91 -> 0.008254717 | G91: {=INDEX(CPI_Data[#Data], MATCH(1,(CPI_Data[Sector] = $G$81)*(CPI_Data[Date] = G$82),0), MATCH($B91,CPI_Data[#Headers],0))} -> 172.8 | H91: {=INDEX(CPI_Data[#Data], MATCH(1,(CPI_Data[Sector] = $G$81)*(CPI_Data[Date] = H$82),0), MATCH($B91,CPI_Data[#Headers],0))} -> 176.7 | I91: =H91-G91 -> 3.9 | J91: =(H91-G91)/G91 -> 0.022569444 | K91: {=INDEX(CPI_Data[#Data], MATCH(1,(CPI_Data[Sector] = $K$81)*(CPI_Data[Date] = K$82),0), MATCH($B91,CPI_Data[#Headers],0))} -> 170.8 | L91: {=INDEX(CPI_Data[#Data], MATCH(1,(CPI_Data[Sector] = $K$81)*(CPI_Data[Date] = L$82),0), MATCH($B91,CPI_Data[#Headers],0))} -> 173.2 | M91: =L91-K91 -> 2.4 | N91: =(L91-K91)/K91 -> 0.014051522
B92: Meat and fish | C92: {=INDEX(CPI_Data[#Data],MATCH(1,(CPI_Data[Sector]=$B$81)*(CPI_Data[Date]=C$82),0),MATCH($B92,CPI_Data[#Headers],0))} -> 217.2 | D92: {=INDEX(CPI_Data[#Data], MATCH(1,(CPI_Data[Sector]=$B$81)*(CPI_Data[Date] = $D$82),0), MATCH($B92,CPI_Data[#Headers],0))} -> 211.5 | E92: =D92-C92 -> -5.7 | F92: =(D92-C92)/C92 -> -0.026243094 | G92: {=INDEX(CPI_Data[#Data], MATCH(1,(CPI_Data[Sector] = $G$81)*(CPI_Data[Date] = G$82),0), MATCH($B92,CPI_Data[#Headers],0))} -> 223.4 | H92: {=INDEX(CPI_Data[#Data], MATCH(1,(CPI_Data[Sector] = $G$81)*(CPI_Data[Date] = H$82),0), MATCH($B92,CPI_Data[#Headers],0))} -> 219.4 | I92: =H92-G92 -> -4 | J92: =(H92-G92)/G92 -> -0.017905103 | K92: {=INDEX(CPI_Data[#Data], MATCH(1,(CPI_Data[Sector] = $K$81)*(CPI_Data[Date] = K$82),0), MATCH($B92,CPI_Data[#Headers],0))} -> 219.4 | L92: {=INDEX(CPI_Data[#Data], MATCH(1,(CPI_Data[Sector] = $K$81)*(CPI_Data[Date] = L$82),0), MATCH($B92,CPI_Data[#Headers],0))} -> 214.3 | M92: =L92-K92 -> -5.1 | N92: =(L92-K92)/K92 -> -0.023245214
B93: Vegetables | C93: {=INDEX(CPI_Data[#Data],MATCH(1,(CPI_Data[Sector]=$B$81)*(CPI_Data[Date]=C$82),0),MATCH($B93,CPI_Data[#Headers],0))} -> 167.3 | D93: {=INDEX(CPI_Data[#Data], MATCH(1,(CPI_Data[Sector]=$B$81)*(CPI_Data[Date] = $D$82),0), MATCH($B93,CPI_Data[#Headers],0))} -> 148.7 | E93: =D93-C93 -> -18.6 | F93: =(D93-C93)/C93 -> -0.11117753 | G93: {=INDEX(CPI_Data[#Data], MATCH(1,(CPI_Data[Sector] = $G$81)*(CPI_Data[Date] = G$82),0), MATCH($B93,CPI_Data[#Headers],0))} -> 211.5 | H93: {=INDEX(CPI_Data[#Data], MATCH(1,(CPI_Data[Sector] = $G$81)*(CPI_Data[Date] = H$82),0), MATCH($B93,CPI_Data[#Headers],0))} -> 185 | I93: =H93-G93 -> -26.5 | J93: =(H93-G93)/G93 -> -0.12529551 | K93: {=INDEX(CPI_Data[#Data], MATCH(1,(CPI_Data[Sector] = $K$81)*(CPI_Data[Date] = K$82),0), MATCH($B93,CPI_Data[#Headers],0))} -> 182.3 | L93: {=INDEX(CPI_Data[#Data], MATCH(1,(CPI_Data[Sector] = $K$81)*(CPI_Data[Date] = L$82),0), MATCH($B93,CPI_Data[#Headers],0))} -> 161 | M93: =L93-K93 -> -21.3 | N93: =(L93-K93)/K93 -> -0.11684037
B94: Oils and fats | C94: {=INDEX(CPI_Data[#Data],MATCH(1,(CPI_Data[Sector]=$B$81)*(CPI_Data[Date]=C$82),0),MATCH($B94,CPI_Data[#Headers],0))} -> 208.1 | D94: {=INDEX(CPI_Data[#Data], MATCH(1,(CPI_Data[Sector]=$B$81)*(CPI_Data[Date] = $D$82),0), MATCH($B94,CPI_Data[#Headers],0))} -> 173.3 | E94: =D94-C94 -> -34.8 | F94: =(D94-C94)/C94 -> -0.16722729 | G94: {=INDEX(CPI_Data[#Data], MATCH(1,(CPI_Data[Sector] = $G$81)*(CPI_Data[Date] = G$82),0), MATCH($B94,CPI_Data[#Headers],0))} -> 188.6 | H94: {=INDEX(CPI_Data[#Data], MATCH(1,(CPI_Data[Sector] = $G$81)*(CPI_Data[Date] = H$82),0), MATCH($B94,CPI_Data[#Headers],0))} -> 164.4 | I94: =H94-G94 -> -24.2 | J94: =(H94-G94)/G94 -> -0.12831389 | K94: {=INDEX(CPI_Data[#Data], MATCH(1,(CPI_Data[Sector] = $K$81)*(CPI_Data[Date] = K$82),0), MATCH($B94,CPI_Data[#Headers],0))} -> 200.9 | L94: {=INDEX(CPI_Data[#Data], MATCH(1,(CPI_Data[Sector] = $K$81)*(CPI_Data[Date] = L$82),0), MATCH($B94,CPI_Data[#Headers],0))} -> 170 | M94: =L94-K94 -> -30.9 | N94: =(L94-K94)/K94 -> -0.15380786

Sheet Q4 - COVID Impact
B127: Date | C127: Health (R) | D127: Food (R) | E127: Fuel and light (R) | F127: Transport and communication (R) | G127: General index (R) | H127: Health (U) | I127: Food (U) | J127: Fuel and light (U) | K127: Transport and communication (U) | L127: General index (U) | M127: Health (R+U) | N127: Food (R+U) | O127: Fuel and light (R+U) | P127: Transport and communication (R+U) | Q127: General index (R+U)
B128: 42430 | C128: =SUMIFS(CPI_Data[Health],CPI_Data[Sector], "Rural", CPI_Data[Date], $B128) -> 124.8 | D128: =AVERAGE( SUMIFS(CPI_Data[Cereals and products],CPI_Data[Sector], "Rural", CPI_Data[Date], $B128), SUMIFS(CPI_Data[Meat and fish],CPI_Data[Sector], "Rural", CPI_Data[Date], $B128), SUMIFS(CPI_Data[Egg],CPI_Data[Sector], "Rural", CPI_Data[Date], $B128), SUMIFS(CPI_Data[Milk and products],CPI_Data[Sector], "Rural", CPI_Data[Date], $B128), SUMIFS(CPI_Data[Oils and fats],CPI_Data[Sector], "Rural", CPI_Data[Date], $B128), SUMIFS(CPI_Data[Fruits],CPI_Data[Sector], "Rural", CPI_Data[Date], $B128), SUMIFS(CPI_Data[Vegetables],CPI_Data[Sector], "Rural", CPI_Data[Date], $B128), SUMIFS(CPI_Data[Pulses and products],CPI_Data[Sector], "Rural", CPI_Data[Date], $B128), SUMIFS(CPI_Data[Sugar and Confectionery],CPI_Data[Sector], "Rural", CPI_Data[Date], $B128), SUMIFS(CPI_Data[Spices],CPI_Data[Sector], "Rural", CPI_Data[Date], $B128), SUMIFS(CPI_Data[Non-alcoholic beverages],CPI_Data[Sector], "Rural", CPI_Data[Date], $B128), SUMIFS(CPI_Data[Prepared meals, snacks, sweets etc.],CPI_Data[Sector], "Rural", CPI_Data[Date], $B128) ) -> 129.35833 | E128: =SUMIFS(CPI_Data[Fuel and light], CPI_Data[Sector], "Rural", CPI_Data[Date], $B128) -> 127 | F128: =SUMIFS(CPI_Data[Transport and communication], CPI_Data[Sector], "Rural", CPI_Data[Date], $B128) -> 113.6 | G128: =SUMIFS(CPI_Data[General index], CPI_Data[Sector], "Rural", CPI_Data[Date], $B128) -> 128 | H128: =SUMIFS(CPI_Data[Health], CPI_Data[Sector], "Urban", CPI_Data[Date], B128) -> 119.7 | I128: =AVERAGE( SUMIFS(CPI_Data[Cereals and products],CPI_Data[Sector], "Urban", CPI_Data[Date], $B128), SUMIFS(CPI_Data[Meat and fish],CPI_Data[Sector], "Urban", CPI_Data[Date], $B128), SUMIFS(CPI_Data[Egg],CPI_Data[Sector], "Urban", CPI_Data[Date], $B128), SUMIFS(CPI_Data[Milk and products],CPI_Data[Sector], "Urban", CPI_Data[Date], $B128), SUMIFS(CPI_Data[Oils and fats],CPI_Data[Sector], "Urban", CPI_Data[Date], $B128), SUMIFS(CPI_Data[Fruits],CPI_Data[Sector], "Urban", CPI_Data[Date], $B128), SUMIFS(CPI_Data[Vegetables],CPI_Data[Sector], "Urban", CPI_Data[Date], $B128), SUMIFS(CPI_Data[Pulses and products],CPI_Data[Sector], "Urban", CPI_Data[Date], $B128), SUMIFS(CPI_Data[Sugar and Confectionery],CPI_Data[Sector], "Urban", CPI_Data[Date], $B128), SUMIFS(CPI_Data[Spices],CPI_Data[Sector], "Urban", CPI_Data[Date], $B128), SUMIFS(CPI_Data[Non-alcoholic beverages],CPI_Data[Sector], "Urban", CPI_Data[Date], $B128), SUMIFS(CPI_Data[Prepared meals, snacks, sweets etc.],CPI_Data[Sector], "Urban", CPI_Data[Date], $B128) ) -> 128.225 | J128: =SUMIFS(CPI_Data[Fuel and light], CPI_Data[Sector], "Urban", CPI_Data[Date], B128) -> 114.8 | K128: =SUMIFS(CPI_Data[Transport and communication], CPI_Data[Sector], "Urban", CPI_Data[Date], B128) -> 108.5 | L128: =SUMIFS(CPI_Data[General index], CPI_Data[Sector], "Urban", CPI_Data[Date], B128) -> 123.8 | M128: =SUMIFS(CPI_Data[Health], CPI_Data[Sector], "Rural+Urban", CPI_Data[Date], B128) -> 122.9 | N128: =AVERAGE( SUMIFS(CPI_Data[Cereals and products],CPI_Data[Sector], "Rural+Urban", CPI_Data[Date], $B128), SUMIFS(CPI_Data[Meat and fish],CPI_Data[Sector], "Rural+Urban", CPI_Data[Date], $B128), SUMIFS(CPI_Data[Egg],CPI_Data[Sector], "Rural+Urban", CPI_Data[Date], $B128), SUMIFS(CPI_Data[Milk and products],CPI_Data[Sector], "Rural+Urban", CPI_Data[Date], $B128), SUMIFS(CPI_Data[Oils and fats],CPI_Data[Sector], "Rural+Urban", CPI_Data[Date], $B128), SUMIFS(CPI_Data[Fruits],CPI_Data[Sector], "Rural+Urban", CPI_Data[Date], $B128), SUMIFS(CPI_Data[Vegetables],CPI_Data[Sector], "Rural+Urban", CPI_Data[Date], $B128), SUMIFS(CPI_Data[Pulses and products],CPI_Data[Sector], "Rural+Urban", CPI_Data[Date], $B128), SUMIFS(CPI_Data[Sugar and Confectionery],CPI_Data[Sector], "Rural+Urban", CPI_Data[Date], $B128), SUMIFS(CPI_Data[Spices],CPI_Data[Sector], "Rural+Urban", CPI_Data[Date], $B128), SUMIFS(CPI_Data[Non-alcoholic beverages],CPI_Data[Sector], "Rural+Urban", CPI_Data[Date], $B128), SUMIFS(CPI_Data[Prepared meals, snacks, sweets etc.],CPI_Data[Sector], "Rural+Urban", CPI_Data[Date], $B128) ) -> 128.78333 | O128: =SUMIFS(CPI_Data[Fuel and light], CPI_Data[Sector], "Rural+Urban", CPI_Data[Date], B128) -> 122.4 | P128: =SUMIFS(CPI_Data[Transport and communication], CPI_Data[Sector], "Rural+Urban", CPI_Data[Date], B128) -> 110.9 | Q128: =SUMIFS(CPI_Data[General index], CPI_Data[Sector], "Rural+Urban", CPI_Data[Date], B128) -> 126
B129: 42795 | C129: =SUMIFS(CPI_Data[Health],CPI_Data[Sector], "Rural", CPI_Data[Date], $B129) -> 130.6 | D129: =AVERAGE( SUMIFS(CPI_Data[Cereals and products],CPI_Data[Sector], "Rural", CPI_Data[Date], $B129), SUMIFS(CPI_Data[Meat and fish],CPI_Data[Sector], "Rural", CPI_Data[Date], $B129), SUMIFS(CPI_Data[Egg],CPI_Data[Sector], "Rural", CPI_Data[Date], $B129), SUMIFS(CPI_Data[Milk and products],CPI_Data[Sector], "Rural", CPI_Data[Date], $B129), SUMIFS(CPI_Data[Oils and fats],CPI_Data[Sector], "Rural", CPI_Data[Date], $B129), SUMIFS(CPI_Data[Fruits],CPI_Data[Sector], "Rural", CPI_Data[Date], $B129), SUMIFS(CPI_Data[Vegetables],CPI_Data[Sector], "Rural", CPI_Data[Date], $B129), SUMIFS(CPI_Data[Pulses and products],CPI_Data[Sector], "Rural", CPI_Data[Date], $B129), SUMIFS(CPI_Data[Sugar and Confectionery],CPI_Data[Sector], "Rural", CPI_Data[Date], $B129), SUMIFS(CPI_Data[Spices],CPI_Data[Sector], "Rural", CPI_Data[Date], $B129), SUMIFS(CPI_Data[Non-alcoholic beverages],CPI_Data[Sector], "Rural", CPI_Data[Date], $B129), SUMIFS(CPI_Data[Prepared meals, snacks, sweets etc.],CPI_Data[Sector], "Rural", CPI_Data[Date], $B129) ) -> 132.925 | E129: =SUMIFS(CPI_Data[Fuel and light], CPI_Data[Sector], "Rural", CPI_Data[Date], $B129) -> 134.2 | F129: =SUMIFS(CPI_Data[Transport and communication], CPI_Data[Sector], "Rural", CPI_Data[Date], $B129) -> 119.8 | G129: =SUMIFS(CPI_Data[General index], CPI_Data[Sector], "Rural", CPI_Data[Date], $B129) -> 132.8 | H129: =SUMIFS(CPI_Data[Health], CPI_Data[Sector], "Urban", CPI_Data[Date], B129) -> 123.1 | I129: =AVERAGE( SUMIFS(CPI_Data[Cereals and products],CPI_Data[Sector], "Urban", CPI_Data[Date], $B129), SUMIFS(CPI_Data[Meat and fish],CPI_Data[Sector], "Urban", CPI_Data[Date], $B129), SUMIFS(CPI_Data[Egg],CPI_Data[Sector], "Urban", CPI_Data[Date], $B129), SUMIFS(CPI_Data[Milk and products],CPI_Data[Sector], "Urban", CPI_Data[Date], $B129), SUMIFS(CPI_Data[Oils and fats],CPI_Data[Sector], "Urban", CPI_Data[Date], $B129), SUMIFS(CPI_Data[Fruits],CPI_Data[Sector], "Urban", CPI_Data[Date], $B129), SUMIFS(CPI_Data[Vegetables],CPI_Data[Sector], "Urban", CPI_Data[Date], $B129), SUMIFS(CPI_Data[Pulses and products],CPI_Data[Sector], "Urban", CPI_Data[Date], $B129), SUMIFS(CPI_Data[Sugar and Confectionery],CPI_Data[Sector], "Urban", CPI_Data[Date], $B129), SUMIFS(CPI_Data[Spices],CPI_Data[Sector], "Urban", CPI_Data[Date], $B129), SUMIFS(CPI_Data[Non-alcoholic beverages],CPI_Data[Sector], "Urban", CPI_Data[Date], $B129), SUMIFS(CPI_Data[Prepared meals, snacks, sweets etc.],CPI_Data[Sector], "Urban", CPI_Data[Date], $B129) ) -> 131.09167 | J129: =SUMIFS(CPI_Data[Fuel and light], CPI_Data[Sector], "Urban", CPI_Data[Date], B129) -> 120.8 | K129: =SUMIFS(CPI_Data[Transport and communication], CPI_Data[Sector], "Urban", CPI_Data[Date], B129) -> 115.6 | L129: =SUMIFS(CPI_Data[General index], CPI_Data[Sector], "Urban", CPI_Data[Date], B129) -> 128.7 | M129: =SUMIFS(CPI_Data[Health], CPI_Data[Sector], "Rural+Urban", CPI_Data[Date], B129) -> 127.8 | N129: =AVERAGE( SUMIFS(CPI_Data[Cereals and products],CPI_Data[Sector], "Rural+Urban", CPI_Data[Date], $B129), SUMIFS(CPI_Data[Meat and fish],CPI_Data[Sector], "Rural+Urban", CPI_Data[Date], $B129), SUMIFS(CPI_Data[Egg],CPI_Data[Sector], "Rural+Urban", CPI_Data[Date], $B129), SUMIFS(CPI_Data[Milk and products],CPI_Data[Sector], "Rural+Urban", CPI_Data[Date], $B129), SUMIFS(CPI_Data[Oils and fats],CPI_Data[Sector], "Rural+Urban", CPI_Data[Date], $B129), SUMIFS(CPI_Data[Fruits],CPI_Data[Sector], "Rural+Urban", CPI_Data[Date], $B129), SUMIFS(CPI_Data[Vegetables],CPI_Data[Sector], "Rural+Urban", CPI_Data[Date], $B129), SUMIFS(CPI_Data[Pulses and products],CPI_Data[Sector], "Rural+Urban", CPI_Data[Date], $B129), SUMIFS(CPI_Data[Sugar and Confectionery],CPI_Data[Sector], "Rural+Urban", CPI_Data[Date], $B129), SUMIFS(CPI_Data[Spices],CPI_Data[Sector], "Rural+Urban", CPI_Data[Date], $B129), SUMIFS(CPI_Data[Non-alcoholic beverages],CPI_Data[Sector], "Rural+Urban", CPI_Data[Date], $B129), SUMIFS(CPI_Data[Prepared meals, snacks, sweets etc.],CPI_Data[Sector], "Rural+Urban", CPI_Data[Date], $B129) ) -> 132.15 | O129: =SUMIFS(CPI_Data[Fuel and light], CPI_Data[Sector], "Rural+Urban", CPI_Data[Date], B129) -> 129.1 | P129: =SUMIFS(CPI_Data[Transport and communication], CPI_Data[Sector], "Rural+Urban", CPI_Data[Date], B129) -> 117.6 | Q129: =SUMIFS(CPI_Data[General index], CPI_Data[Sector], "Rural+Urban", CPI_Data[Date], B129) -> 130.9
B130: 43160 | C130: =SUMIFS(CPI_Data[Health],CPI_Data[Sector], "Rural", CPI_Data[Date], $B130) -> 136.7 | D130: =AVERAGE( SUMIFS(CPI_Data[Cereals and products],CPI_Data[Sector], "Rural", CPI_Data[Date], $B130), SUMIFS(CPI_Data[Meat and fish],CPI_Data[Sector], "Rural", CPI_Data[Date], $B130), SUMIFS(CPI_Data[Egg],CPI_Data[Sector], "Rural", CPI_Data[Date], $B130), SUMIFS(CPI_Data[Milk and products],CPI_Data[Sector], "Rural", CPI_Data[Date], $B130), SUMIFS(CPI_Data[Oils and fats],CPI_Data[Sector], "Rural", CPI_Data[Date], $B130), SUMIFS(CPI_Data[Fruits],CPI_Data[Sector], "Rural", CPI_Data[Date], $B130), SUMIFS(CPI_Data[Vegetables],CPI_Data[Sector], "Rural", CPI_Data[Date], $B130), SUMIFS(CPI_Data[Pulses and products],CPI_Data[Sector], "Rural", CPI_Data[Date], $B130), SUMIFS(CPI_Data[Sugar and Confectionery],CPI_Data[Sector], "Rural", CPI_Data[Date], $B130), SUMIFS(CPI_Data[Spices],CPI_Data[Sector], "Rural", CPI_Data[Date], $B130), SUMIFS(CPI_Data[Non-alcoholic beverages],CPI_Data[Sector], "Rural", CPI_Data[Date], $B130), SUMIFS(CPI_Data[Prepared meals, snacks, sweets etc.],CPI_Data[Sector], "Rural", CPI_Data[Date], $B130) ) -> 136.95 | E130: =SUMIFS(CPI_Data[Fuel and light], CPI_Data[Sector], "Rural", CPI_Data[Date], $B130) -> 142.6 | F130: =SUMIFS(CPI_Data[Transport and communication], CPI_Data[Sector], "Rural", CPI_Data[Date], $B130) -> 124.6 | G130: =SUMIFS(CPI_Data[General index], CPI_Data[Sector], "Rural", CPI_Data[Date], $B130) -> 138.7 | H130: =SUMIFS(CPI_Data[Health], CPI_Data[Sector], "Urban", CPI_Data[Date], B130) -> 130.5 | I130: =AVERAGE( SUMIFS(CPI_Data[Cereals and products],CPI_Data[Sector], "Urban", CPI_Data[Date], $B130), SUMIFS(CPI_Data[Meat and fish],CPI_Data[Sector], "Urban", CPI_Data[Date], $B130), SUMIFS(CPI_Data[Egg],CPI_Data[Sector], "Urban", CPI_Data[Date], $B130), SUMIFS(CPI_Data[Milk and products],CPI_Data[Sector], "Urban", CPI_Data[Date], $B130), SUMIFS(CPI_Data[Oils and fats],CPI_Data[Sector], "Urban", CPI_Data[Date], $B130), SUMIFS(CPI_Data[Fruits],CPI_Data[Sector], "Urban", CPI_Data[Date], $B130), SUMIFS(CPI_Data[Vegetables],CPI_Data[Sector], "Urban", CPI_Data[Date], $B130), SUMIFS(CPI_Data[Pulses and products],CPI_Data[Sector], "Urban", CPI_Data[Date], $B130), SUMIFS(CPI_Data[Sugar and Confectionery],CPI_Data[Sector], "Urban", CPI_Data[Date], $B130), SUMIFS(CPI_Data[Spices],CPI_Data[Sector], "Urban", CPI_Data[Date], $B130), SUMIFS(CPI_Data[Non-alcoholic beverages],CPI_Data[Sector], "Urban", CPI_Data[Date], $B130), SUMIFS(CPI_Data[Prepared meals, snacks, sweets etc.],CPI_Data[Sector], "Urban", CPI_Data[Date], $B130) ) -> 131.725 | J130: =SUMIFS(CPI_Data[Fuel and light], CPI_Data[Sector], "Urban", CPI_Data[Date], B130) -> 126.4 | K130: =SUMIFS(CPI_Data[Transport and communication], CPI_Data[Sector], "Urban", CPI_Data[Date], B130) -> 117.8 | L130: =SUMIFS(CPI_Data[General index], CPI_Data[Sector], "Urban", CPI_Data[Date], B130) -> 134 | M130: =SUMIFS(CPI_Data[Health], CPI_Data[Sector], "Rural+Urban", CPI_Data[Date], B130) -> 134.3 | N130: =AVERAGE( SUMIFS(CPI_Data[Cereals and products],CPI_Data[Sector], "Rural+Urban", CPI_Data[Date], $B130), SUMIFS(CPI_Data[Meat and fish],CPI_Data[Sector], "Rural+Urban", CPI_Data[Date], $B130), SUMIFS(CPI_Data[Egg],CPI_Data[Sector], "Rural+Urban", CPI_Data[Date], $B130), SUMIFS(CPI_Data[Milk and products],CPI_Data[Sector], "Rural+Urban", CPI_Data[Date], $B130), SUMIFS(CPI_Data[Oils and fats],CPI_Data[Sector], "Rural+Urban", CPI_Data[Date], $B130), SUMIFS(CPI_Data[Fruits],CPI_Data[Sector], "Rural+Urban", CPI_Data[Date], $B130), SUMIFS(CPI_Data[Vegetables],CPI_Data[Sector], "Rural+Urban", CPI_Data[Date], $B130), SUMIFS(CPI_Data[Pulses and products],CPI_Data[Sector], "Rural+Urban", CPI_Data[Date], $B130), SUMIFS(CPI_Data[Sugar and Confectionery],CPI_Data[Sector], "Rural+Urban", CPI_Data[Date], $B130), SUMIFS(CPI_Data[Spices],CPI_Data[Sector], "Rural+Urban", CPI_Data[Date], $B130), SUMIFS(CPI_Data[Non-alcoholic beverages],CPI_Data[Sector], "Rural+Urban", CPI_Data[Date], $B130), SUMIFS(CPI_Data[Prepared meals, snacks, sweets etc.],CPI_Data[Sector], "Rural+Urban", CPI_Data[Date], $B130) ) -> 134.9 | O130: =SUMIFS(CPI_Data[Fuel and light], CPI_Data[Sector], "Rural+Urban", CPI_Data[Date], B130) -> 136.5 | P130: =SUMIFS(CPI_Data[Transport and communication], CPI_Data[Sector], "Rural+Urban", CPI_Data[Date], B130) -> 121 | Q130: =SUMIFS(CPI_Data[General index], CPI_Data[Sector], "Rural+Urban", CPI_Data[Date], B130) -> 136.5
B131: 43525 | C131: =SUMIFS(CPI_Data[Health],CPI_Data[Sector], "Rural", CPI_Data[Date], $B131) -> 150.4 | D131: =AVERAGE( SUMIFS(CPI_Data[Cereals and products],CPI_Data[Sector], "Rural", CPI_Data[Date], $B131), SUMIFS(CPI_Data[Meat and fish],CPI_Data[Sector], "Rural", CPI_Data[Date], $B131), SUMIFS(CPI_Data[Egg],CPI_Data[Sector], "Rural", CPI_Data[Date], $B131), SUMIFS(CPI_Data[Milk and products],CPI_Data[Sector], "Rural", CPI_Data[Date], $B131), SUMIFS(CPI_Data[Oils and fats],CPI_Data[Sector], "Rural", CPI_Data[Date], $B131), SUMIFS(CPI_Data[Fruits],CPI_Data[Sector], "Rural", CPI_Data[Date], $B131), SUMIFS(CPI_Data[Vegetables],CPI_Data[Sector], "Rural", CPI_Data[Date], $B131), SUMIFS(CPI_Data[Pulses and products],CPI_Data[Sector], "Rural", CPI_Data[Date], $B131), SUMIFS(CPI_Data[Sugar and Confectionery],CPI_Data[Sector], "Rural", CPI_Data[Date], $B131), SUMIFS(CPI_Data[Spices],CPI_Data[Sector], "Rural", CPI_Data[Date], $B131), SUMIFS(CPI_Data[Non-alcoholic beverages],CPI_Data[Sector], "Rural", CPI_Data[Date], $B131), SUMIFS(CPI_Data[Prepared meals, snacks, sweets etc.],CPI_Data[Sector], "Rural", CPI_Data[Date], $B131) ) -> 135.325 | E131: =SUMIFS(CPI_Data[Fuel and light], CPI_Data[Sector], "Rural", CPI_Data[Date], $B131) -> 146.4 | F131: =SUMIFS(CPI_Data[Transport and communication], CPI_Data[Sector], "Rural", CPI_Data[Date], $B131) -> 129.9 | G131: =SUMIFS(CPI_Data[General index], CPI_Data[Sector], "Rural", CPI_Data[Date], $B131) -> 141.2 | H131: =SUMIFS(CPI_Data[Health], CPI_Data[Sector], "Urban", CPI_Data[Date], B131) -> 139.2 | I131: =AVERAGE( SUMIFS(CPI_Data[Cereals and products],CPI_Data[Sector], "Urban", CPI_Data[Date], $B131), SUMIFS(CPI_Data[Meat and fish],CPI_Data[Sector], "Urban", CPI_Data[Date], $B131), SUMIFS(CPI_Data[Egg],CPI_Data[Sector], "Urban", CPI_Data[Date], $B131), SUMIFS(CPI_Data[Milk and products],CPI_Data[Sector], "Urban", CPI_Data[Date], $B131), SUMIFS(CPI_Data[Oils and fats],CPI_Data[Sector], "Urban", CPI_Data[Date], $B131), SUMIFS(CPI_Data[Fruits],CPI_Data[Sector], "Urban", CPI_Data[Date], $B131), SUMIFS(CPI_Data[Vegetables],CPI_Data[Sector], "Urban", CPI_Data[Date], $B131), SUMIFS(CPI_Data[Pulses and products],CPI_Data[Sector], "Urban", CPI_Data[Date], $B131), SUMIFS(CPI_Data[Sugar and Confectionery],CPI_Data[Sector], "Urban", CPI_Data[Date], $B131), SUMIFS(CPI_Data[Spices],CPI_Data[Sector], "Urban", CPI_Data[Date], $B131), SUMIFS(CPI_Data[Non-alcoholic beverages],CPI_Data[Sector], "Urban", CPI_Data[Date], $B131), SUMIFS(CPI_Data[Prepared meals, snacks, sweets etc.],CPI_Data[Sector], "Urban", CPI_Data[Date], $B131) ) -> 135.73333 | J131: =SUMIFS(CPI_Data[Fuel and light], CPI_Data[Sector], "Urban", CPI_Data[Date], B131) -> 128.8 | K131: =SUMIFS(CPI_Data[Transport and communication], CPI_Data[Sector], "Urban", CPI_Data[Date], B131) -> 119.9 | L131: =SUMIFS(CPI_Data[General index], CPI_Data[Sector], "Urban", CPI_Data[Date], B131) -> 139.5 | M131: =SUMIFS(CPI_Data[Health], CPI_Data[Sector], "Rural+Urban", CPI_Data[Date], B131) -> 146.2 | N131: =AVERAGE( SUMIFS(CPI_Data[Cereals and products],CPI_Data[Sector], "Rural+Urban", CPI_Data[Date], $B131), SUMIFS(CPI_Data[Meat and fish],CPI_Data[Sector], "Rural+Urban", CPI_Data[Date], $B131), SUMIFS(CPI_Data[Egg],CPI_Data[Sector], "Rural+Urban", CPI_Data[Date], $B131), SUMIFS(CPI_Data[Milk and products],CPI_Data[Sector], "Rural+Urban", CPI_Data[Date], $B131), SUMIFS(CPI_Data[Oils and fats],CPI_Data[Sector], "Rural+Urban", CPI_Data[Date], $B131), SUMIFS(CPI_Data[Fruits],CPI_Data[Sector], "Rural+Urban", CPI_Data[Date], $B131), SUMIFS(CPI_Data[Vegetables],CPI_Data[Sector], "Rural+Urban", CPI_Data[Date], $B131), SUMIFS(CPI_Data[Pulses and products],CPI_Data[Sector], "Rural+Urban", CPI_Data[Date], $B131), SUMIFS(CPI_Data[Sugar and Confectionery],CPI_Data[Sector], "Rural+Urban", CPI_Data[Date], $B131), SUMIFS(CPI_Data[Spices],CPI_Data[Sector], "Rural+Urban", CPI_Data[Date], $B131), SUMIFS(CPI_Data[Non-alcoholic beverages],CPI_Data[Sector], "Rural+Urban", CPI_Data[Date], $B131), SUMIFS(CPI_Data[Prepared meals, snacks, sweets etc.],CPI_Data[Sector], "Rural+Urban", CPI_Data[Date], $B131) ) -> 135.4 | O131: =SUMIFS(CPI_Data[Fuel and light], CPI_Data[Sector], "Rural+Urban", CPI_Data[Date], B131) -> 139.7 | P131: =SUMIFS(CPI_Data[Transport and communication], CPI_Data[Sector], "Rural+Urban", CPI_Data[Date], B131) -> 124.6 | Q131: =SUMIFS(CPI_Data[General index], CPI_Data[Sector], "Rural+Urban", CPI_Data[Date], B131) -> 140.4
B132: 43891 | C132: =SUMIFS(CPI_Data[Health],CPI_Data[Sector], "Rural", CPI_Data[Date], $B132) -> 156.7 | D132: =AVERAGE( SUMIFS(CPI_Data[Cereals and products],CPI_Data[Sector], "Rural", CPI_Data[Date], $B132), SUMIFS(CPI_Data[Meat and fish],CPI_Data[Sector], "Rural", CPI_Data[Date], $B132), SUMIFS(CPI_Data[Egg],CPI_Data[Sector], "Rural", CPI_Data[Date], $B132), SUMIFS(CPI_Data[Milk and products],CPI_Data[Sector], "Rural", CPI_Data[Date], $B132), SUMIFS(CPI_Data[Oils and fats],CPI_Data[Sector], "Rural", CPI_Data[Date], $B132), SUMIFS(CPI_Data[Fruits],CPI_Data[Sector], "Rural", CPI_Data[Date], $B132), SUMIFS(CPI_Data[Vegetables],CPI_Data[Sector], "Rural", CPI_Data[Date], $B132), SUMIFS(CPI_Data[Pulses and products],CPI_Data[Sector], "Rural", CPI_Data[Date], $B132), SUMIFS(CPI_Data[Sugar and Confectionery],CPI_Data[Sector], "Rural", CPI_Data[Date], $B132), SUMIFS(CPI_Data[Spices],CPI_Data[Sector], "Rural", CPI_Data[Date], $B132), SUMIFS(CPI_Data[Non-alcoholic beverages],CPI_Data[Sector], "Rural", CPI_Data[Date], $B132), SUMIFS(CPI_Data[Prepared meals, snacks, sweets etc.],CPI_Data[Sector], "Rural", CPI_Data[Date], $B132) ) -> 145.53333 | E132: =SUMIFS(CPI_Data[Fuel and light], CPI_Data[Sector], "Rural", CPI_Data[Date], $B132) -> 153.4 | F132: =SUMIFS(CPI_Data[Transport and communication], CPI_Data[Sector], "Rural", CPI_Data[Date], $B132) -> 135.8 | G132: =SUMIFS(CPI_Data[General index], CPI_Data[Sector], "Rural", CPI_Data[Date], $B132) -> 149.8 | H132: =SUMIFS(CPI_Data[Health], CPI_Data[Sector], "Urban", CPI_Data[Date], B132) -> 145 | I132: =AVERAGE( SUMIFS(CPI_Data[Cereals and products],CPI_Data[Sector], "Urban", CPI_Data[Date], $B132), SUMIFS(CPI_Data[Meat and fish],CPI_Data[Sector], "Urban", CPI_Data[Date], $B132), SUMIFS(CPI_Data[Egg],CPI_Data[Sector], "Urban", CPI_Data[Date], $B132), SUMIFS(CPI_Data[Milk and products],CPI_Data[Sector], "Urban", CPI_Data[Date], $B132), SUMIFS(CPI_Data[Oils and fats],CPI_Data[Sector], "Urban", CPI_Data[Date], $B132), SUMIFS(CPI_Data[Fruits],CPI_Data[Sector], "Urban", CPI_Data[Date], $B132), SUMIFS(CPI_Data[Vegetables],CPI_Data[Sector], "Urban", CPI_Data[Date], $B132), SUMIFS(CPI_Data[Pulses and products],CPI_Data[Sector], "Urban", CPI_Data[Date], $B132), SUMIFS(CPI_Data[Sugar and Confectionery],CPI_Data[Sector], "Urban", CPI_Data[Date], $B132), SUMIFS(CPI_Data[Spices],CPI_Data[Sector], "Urban", CPI_Data[Date], $B132), SUMIFS(CPI_Data[Non-alcoholic beverages],CPI_Data[Sector], "Urban", CPI_Data[Date], $B132), SUMIFS(CPI_Data[Prepared meals, snacks, sweets etc.],CPI_Data[Sector], "Urban", CPI_Data[Date], $B132) ) -> 145.7 | J132: =SUMIFS(CPI_Data[Fuel and light], CPI_Data[Sector], "Urban", CPI_Data[Date], B132) -> 141.4 | K132: =SUMIFS(CPI_Data[Transport and communication], CPI_Data[Sector], "Urban", CPI_Data[Date], B132) -> 124.6 | L132: =SUMIFS(CPI_Data[General index], CPI_Data[Sector], "Urban", CPI_Data[Date], B132) -> 147.3 | M132: =SUMIFS(CPI_Data[Health], CPI_Data[Sector], "Rural+Urban", CPI_Data[Date], B132) -> 152.3 | N132: =AVERAGE( SUMIFS(CPI_Data[Cereals and products],CPI_Data[Sector], "Rural+Urban", CPI_Data[Date], $B132), SUMIFS(CPI_Data[Meat and fish],CPI_Data[Sector], "Rural+Urban", CPI_Data[Date], $B132), SUMIFS(CPI_Data[Egg],CPI_Data[Sector], "Rural+Urban", CPI_Data[Date], $B132), SUMIFS(CPI_Data[Milk and products],CPI_Data[Sector], "Rural+Urban", CPI_Data[Date], $B132), SUMIFS(CPI_Data[Oils and fats],CPI_Data[Sector], "Rural+Urban", CPI_Data[Date], $B132), SUMIFS(CPI_Data[Fruits],CPI_Data[Sector], "Rural+Urban", CPI_Data[Date], $B132), SUMIFS(CPI_Data[Vegetables],CPI_Data[Sector], "Rural+Urban", CPI_Data[Date], $B132), SUMIFS(CPI_Data[Pulses and products],CPI_Data[Sector], "Rural+Urban", CPI_Data[Date], $B132), SUMIFS(CPI_Data[Sugar and Confectionery],CPI_Data[Sector], "Rural+Urban", CPI_Data[Date], $B132), SUMIFS(CPI_Data[Spices],CPI_Data[Sector], "Rural+Urban", CPI_Data[Date], $B132), SUMIFS(CPI_Data[Non-alcoholic beverages],CPI_Data[Sector], "Rural+Urban", CPI_Data[Date], $B132), SUMIFS(CPI_Data[Prepared meals, snacks, sweets etc.],CPI_Data[Sector], "Rural+Urban", CPI_Data[Date], $B132) ) -> 145.54167 | O132: =SUMIFS(CPI_Data[Fuel and light], CPI_Data[Sector], "Rural+Urban", CPI_Data[Date], B132) -> 148.9 | P132: =SUMIFS(CPI_Data[Transport and communication], CPI_Data[Sector], "Rural+Urban", CPI_Data[Date], B132) -> 129.9 | Q132: =SUMIFS(CPI_Data[General index], CPI_Data[Sector], "Rural+Urban", CPI_Data[Date], B132) -> 148.6
B133: 44256 | C133: =SUMIFS(CPI_Data[Health],CPI_Data[Sector], "Rural", CPI_Data[Date], $B133) -> 164.6 | D133: =AVERAGE( SUMIFS(CPI_Data[Cereals and products],CPI_Data[Sector], "Rural", CPI_Data[Date], $B133), SUMIFS(CPI_Data[Meat and fish],CPI_Data[Sector], "Rural", CPI_Data[Date], $B133), SUMIFS(CPI_Data[Egg],CPI_Data[Sector], "Rural", CPI_Data[Date], $B133), SUMIFS(CPI_Data[Milk and products],CPI_Data[Sector], "Rural", CPI_Data[Date], $B133), SUMIFS(CPI_Data[Oils and fats],CPI_Data[Sector], "Rural", CPI_Data[Date], $B133), SUMIFS(CPI_Data[Fruits],CPI_Data[Sector], "Rural", CPI_Data[Date], $B133), SUMIFS(CPI_Data[Vegetables],CPI_Data[Sector], "Rural", CPI_Data[Date], $B133), SUMIFS(CPI_Data[Pulses and products],CPI_Data[Sector], "Rural", CPI_Data[Date], $B133), SUMIFS(CPI_Data[Sugar and Confectionery],CPI_Data[Sector], "Rural", CPI_Data[Date], $B133), SUMIFS(CPI_Data[Spices],CPI_Data[Sector], "Rural", CPI_Data[Date], $B133), SUMIFS(CPI_Data[Non-alcoholic beverages],CPI_Data[Sector], "Rural", CPI_Data[Date], $B133), SUMIFS(CPI_Data[Prepared meals, snacks, sweets etc.],CPI_Data[Sector], "Rural", CPI_Data[Date], $B133) ) -> 155.93333 | E133: =SUMIFS(CPI_Data[Fuel and light], CPI_Data[Sector], "Rural", CPI_Data[Date], $B133) -> 156 | F133: =SUMIFS(CPI_Data[Transport and communication], CPI_Data[Sector], "Rural", CPI_Data[Date], $B133) -> 151.3 | G133: =SUMIFS(CPI_Data[General index], CPI_Data[Sector], "Rural", CPI_Data[Date], $B133) -> 156.7 | H133: =SUMIFS(CPI_Data[Health], CPI_Data[Sector], "Urban", CPI_Data[Date], B133) -> 156.9 | I133: =AVERAGE( SUMIFS(CPI_Data[Cereals and products],CPI_Data[Sector], "Urban", CPI_Data[Date], $B133), SUMIFS(CPI_Data[Meat and fish],CPI_Data[Sector], "Urban", CPI_Data[Date], $B133), SUMIFS(CPI_Data[Egg],CPI_Data[Sector], "Urban", CPI_Data[Date], $B133), SUMIFS(CPI_Data[Milk and products],CPI_Data[Sector], "Urban", CPI_Data[Date], $B133), SUMIFS(CPI_Data[Oils and fats],CPI_Data[Sector], "Urban", CPI_Data[Date], $B133), SUMIFS(CPI_Data[Fruits],CPI_Data[Sector], "Urban", CPI_Data[Date], $B133), SUMIFS(CPI_Data[Vegetables],CPI_Data[Sector], "Urban", CPI_Data[Date], $B133), SUMIFS(CPI_Data[Pulses and products],CPI_Data[Sector], "Urban", CPI_Data[Date], $B133), SUMIFS(CPI_Data[Sugar and Confectionery],CPI_Data[Sector], "Urban", CPI_Data[Date], $B133), SUMIFS(CPI_Data[Spices],CPI_Data[Sector], "Urban", CPI_Data[Date], $B133), SUMIFS(CPI_Data[Non-alcoholic beverages],CPI_Data[Sector], "Urban", CPI_Data[Date], $B133), SUMIFS(CPI_Data[Prepared meals, snacks, sweets etc.],CPI_Data[Sector], "Urban", CPI_Data[Date], $B133) ) -> 158.675 | J133: =SUMIFS(CPI_Data[Fuel and light], CPI_Data[Sector], "Urban", CPI_Data[Date], B133) -> 154.8 | K133: =SUMIFS(CPI_Data[Transport and communication], CPI_Data[Sector], "Urban", CPI_Data[Date], B133) -> 141.7 | L133: =SUMIFS(CPI_Data[General index], CPI_Data[Sector], "Urban", CPI_Data[Date], B133) -> 156.9 | M133: =SUMIFS(CPI_Data[Health], CPI_Data[Sector], "Rural+Urban", CPI_Data[Date], B133) -> 161.7 | N133: =AVERAGE( SUMIFS(CPI_Data[Cereals and products],CPI_Data[Sector], "Rural+Urban", CPI_Data[Date], $B133), SUMIFS(CPI_Data[Meat and fish],CPI_Data[Sector], "Rural+Urban", CPI_Data[Date], $B133), SUMIFS(CPI_Data[Egg],CPI_Data[Sector], "Rural+Urban", CPI_Data[Date], $B133), SUMIFS(CPI_Data[Milk and products],CPI_Data[Sector], "Rural+Urban", CPI_Data[Date], $B133), SUMIFS(CPI_Data[Oils and fats],CPI_Data[Sector], "Rural+Urban", CPI_Data[Date], $B133), SUMIFS(CPI_Data[Fruits],CPI_Data[Sector], "Rural+Urban", CPI_Data[Date], $B133), SUMIFS(CPI_Data[Vegetables],CPI_Data[Sector], "Rural+Urban", CPI_Data[Date], $B133), SUMIFS(CPI_Data[Pulses and products],CPI_Data[Sector], "Rural+Urban", CPI_Data[Date], $B133), SUMIFS(CPI_Data[Sugar and Confectionery],CPI_Data[Sector], "Rural+Urban", CPI_Data[Date], $B133), SUMIFS(CPI_Data[Spices],CPI_Data[Sector], "Rural+Urban", CPI_Data[Date], $B133), SUMIFS(CPI_Data[Non-alcoholic beverages],CPI_Data[Sector], "Rural+Urban", CPI_Data[Date], $B133), SUMIFS(CPI_Data[Prepared meals, snacks, sweets etc.],CPI_Data[Sector], "Rural+Urban", CPI_Data[Date], $B133) ) -> 156.89167 | O133: =SUMIFS(CPI_Data[Fuel and light], CPI_Data[Sector], "Rural+Urban", CPI_Data[Date], B133) -> 155.5 | P133: =SUMIFS(CPI_Data[Transport and communication], CPI_Data[Sector], "Rural+Urban", CPI_Data[Date], B133) -> 146.2 | Q133: =SUMIFS(CPI_Data[General index], CPI_Data[Sector], "Rural+Urban", CPI_Data[Date], B133) -> 156.8
B134: 44621 | C134: =SUMIFS(CPI_Data[Health],CPI_Data[Sector], "Rural", CPI_Data[Date], $B134) -> 176 | D134: =AVERAGE( SUMIFS(CPI_Data[Cereals and products],CPI_Data[Sector], "Rural", CPI_Data[Date], $B134), SUMIFS(CPI_Data[Meat and fish],CPI_Data[Sector], "Rural", CPI_Data[Date], $B134), SUMIFS(CPI_Data[Egg],CPI_Data[Sector], "Rural", CPI_Data[Date], $B134), SUMIFS(CPI_Data[Milk and products],CPI_Data[Sector], "Rural", CPI_Data[Date], $B134), SUMIFS(CPI_Data[Oils and fats],CPI_Data[Sector], "Rural", CPI_Data[Date], $B134), SUMIFS(CPI_Data[Fruits],CPI_Data[Sector], "Rural", CPI_Data[Date], $B134), SUMIFS(CPI_Data[Vegetables],CPI_Data[Sector], "Rural", CPI_Data[Date], $B134), SUMIFS(CPI_Data[Pulses and products],CPI_Data[Sector], "Rural", CPI_Data[Date], $B134), SUMIFS(CPI_Data[Sugar and Confectionery],CPI_Data[Sector], "Rural", CPI_Data[Date], $B134), SUMIFS(CPI_Data[Spices],CPI_Data[Sector], "Rural", CPI_Data[Date], $B134), SUMIFS(CPI_Data[Non-alcoholic beverages],CPI_Data[Sector], "Rural", CPI_Data[Date], $B134), SUMIFS(CPI_Data[Prepared meals, snacks, sweets etc.],CPI_Data[Sector], "Rural", CPI_Data[Date], $B134) ) -> 167.70833 | E134: =SUMIFS(CPI_Data[Fuel and light], CPI_Data[Sector], "Rural", CPI_Data[Date], $B134) -> 168.9 | F134: =SUMIFS(CPI_Data[Transport and communication], CPI_Data[Sector], "Rural", CPI_Data[Date], $B134) -> 162 | G134: =SUMIFS(CPI_Data[General index], CPI_Data[Sector], "Rural", CPI_Data[Date], $B134) -> 168.7 | H134: =SUMIFS(CPI_Data[Health], CPI_Data[Sector], "Urban", CPI_Data[Date], B134) -> 168.2 | I134: =AVERAGE( SUMIFS(CPI_Data[Cereals and products],CPI_Data[Sector], "Urban", CPI_Data[Date], $B134), SUMIFS(CPI_Data[Meat and fish],CPI_Data[Sector], "Urban", CPI_Data[Date], $B134), SUMIFS(CPI_Data[Egg],CPI_Data[Sector], "Urban", CPI_Data[Date], $B134), SUMIFS(CPI_Data[Milk and products],CPI_Data[Sector], "Urban", CPI_Data[Date], $B134), SUMIFS(CPI_Data[Oils and fats],CPI_Data[Sector], "Urban", CPI_Data[Date], $B134), SUMIFS(CPI_Data[Fruits],CPI_Data[Sector], "Urban", CPI_Data[Date], $B134), SUMIFS(CPI_Data[Vegetables],CPI_Data[Sector], "Urban", CPI_Data[Date], $B134), SUMIFS(CPI_Data[Pulses and products],CPI_Data[Sector], "Urban", CPI_Data[Date], $B134), SUMIFS(CPI_Data[Sugar and Confectionery],CPI_Data[Sector], "Urban", CPI_Data[Date], $B134), SUMIFS(CPI_Data[Spices],CPI_Data[Sector], "Urban", CPI_Data[Date], $B134), SUMIFS(CPI_Data[Non-alcoholic beverages],CPI_Data[Sector], "Urban", CPI_Data[Date], $B134), SUMIFS(CPI_Data[Prepared meals, snacks, sweets etc.],CPI_Data[Sector], "Urban", CPI_Data[Date], $B134) ) -> 168.73333 | J134: =SUMIFS(CPI_Data[Fuel and light], CPI_Data[Sector], "Urban", CPI_Data[Date], B134) -> 164.5 | K134: =SUMIFS(CPI_Data[Transport and communication], CPI_Data[Sector], "Urban", CPI_Data[Date], B134) -> 154.2 | L134: =SUMIFS(CPI_Data[General index], CPI_Data[Sector], "Urban", CPI_Data[Date], B134) -> 166.5 | M134: =SUMIFS(CPI_Data[Health], CPI_Data[Sector], "Rural+Urban", CPI_Data[Date], B134) -> 173 | N134: =AVERAGE( SUMIFS(CPI_Data[Cereals and products],CPI_Data[Sector], "Rural+Urban", CPI_Data[Date], $B134), SUMIFS(CPI_Data[Meat and fish],CPI_Data[Sector], "Rural+Urban", CPI_Data[Date], $B134), SUMIFS(CPI_Data[Egg],CPI_Data[Sector], "Rural+Urban", CPI_Data[Date], $B134), SUMIFS(CPI_Data[Milk and products],CPI_Data[Sector], "Rural+Urban", CPI_Data[Date], $B134), SUMIFS(CPI_Data[Oils and fats],CPI_Data[Sector], "Rural+Urban", CPI_Data[Date], $B134), SUMIFS(CPI_Data[Fruits],CPI_Data[Sector], "Rural+Urban", CPI_Data[Date], $B134), SUMIFS(CPI_Data[Vegetables],CPI_Data[Sector], "Rural+Urban", CPI_Data[Date], $B134), SUMIFS(CPI_Data[Pulses and products],CPI_Data[Sector], "Rural+Urban", CPI_Data[Date], $B134), SUMIFS(CPI_Data[Sugar and Confectionery],CPI_Data[Sector], "Rural+Urban", CPI_Data[Date], $B134), SUMIFS(CPI_Data[Spices],CPI_Data[Sector], "Rural+Urban", CPI_Data[Date], $B134), SUMIFS(CPI_Data[Non-alcoholic beverages],CPI_Data[Sector], "Rural+Urban", CPI_Data[Date], $B134), SUMIFS(CPI_Data[Prepared meals, snacks, sweets etc.],CPI_Data[Sector], "Rural+Urban", CPI_Data[Date], $B134) ) -> 167.98333 | O134: =SUMIFS(CPI_Data[Fuel and light], CPI_Data[Sector], "Rural+Urban", CPI_Data[Date], B134) -> 167.2 | P134: =SUMIFS(CPI_Data[Transport and communication], CPI_Data[Sector], "Rural+Urban", CPI_Data[Date], B134) -> 157.9 | Q134: =SUMIFS(CPI_Data[General index], CPI_Data[Sector], "Rural+Urban", CPI_Data[Date], B134) -> 167.7
B135: 44986 | C135: =SUMIFS(CPI_Data[Health],CPI_Data[Sector], "Rural", CPI_Data[Date], $B135) -> 186.6 | D135: =AVERAGE( SUMIFS(CPI_Data[Cereals and products],CPI_Data[Sector], "Rural", CPI_Data[Date], $B135), SUMIFS(CPI_Data[Meat and fish],CPI_Data[Sector], "Rural", CPI_Data[Date], $B135), SUMIFS(CPI_Data[Egg],CPI_Data[Sector], "Rural", CPI_Data[Date], $B135), SUMIFS(CPI_Data[Milk and products],CPI_Data[Sector], "Rural", CPI_Data[Date], $B135), SUMIFS(CPI_Data[Oils and fats],CPI_Data[Sector], "Rural", CPI_Data[Date], $B135), SUMIFS(CPI_Data[Fruits],CPI_Data[Sector], "Rural", CPI_Data[Date], $B135), SUMIFS(CPI_Data[Vegetables],CPI_Data[Sector], "Rural", CPI_Data[Date], $B135), SUMIFS(CPI_Data[Pulses and products],CPI_Data[Sector], "Rural", CPI_Data[Date], $B135), SUMIFS(CPI_Data[Sugar and Confectionery],CPI_Data[Sector], "Rural", CPI_Data[Date], $B135), SUMIFS(CPI_Data[Spices],CPI_Data[Sector], "Rural", CPI_Data[Date], $B135), SUMIFS(CPI_Data[Non-alcoholic beverages],CPI_Data[Sector], "Rural", CPI_Data[Date], $B135), SUMIFS(CPI_Data[Prepared meals, snacks, sweets etc.],CPI_Data[Sector], "Rural", CPI_Data[Date], $B135) ) -> 174.25 | E135: =SUMIFS(CPI_Data[Fuel and light], CPI_Data[Sector], "Rural", CPI_Data[Date], $B135) -> 181.4 | F135: =SUMIFS(CPI_Data[Transport and communication], CPI_Data[Sector], "Rural", CPI_Data[Date], $B135) -> 169 | G135: =SUMIFS(CPI_Data[General index], CPI_Data[Sector], "Rural", CPI_Data[Date], $B135) -> 178 | H135: =SUMIFS(CPI_Data[Health], CPI_Data[Sector], "Urban", CPI_Data[Date], B135) -> 180.8 | I135: =AVERAGE( SUMIFS(CPI_Data[Cereals and products],CPI_Data[Sector], "Urban", CPI_Data[Date], $B135), SUMIFS(CPI_Data[Meat and fish],CPI_Data[Sector], "Urban", CPI_Data[Date], $B135), SUMIFS(CPI_Data[Egg],CPI_Data[Sector], "Urban", CPI_Data[Date], $B135), SUMIFS(CPI_Data[Milk and products],CPI_Data[Sector], "Urban", CPI_Data[Date], $B135), SUMIFS(CPI_Data[Oils and fats],CPI_Data[Sector], "Urban", CPI_Data[Date], $B135), SUMIFS(CPI_Data[Fruits],CPI_Data[Sector], "Urban", CPI_Data[Date], $B135), SUMIFS(CPI_Data[Vegetables],CPI_Data[Sector], "Urban", CPI_Data[Date], $B135), SUMIFS(CPI_Data[Pulses and products],CPI_Data[Sector], "Urban", CPI_Data[Date], $B135), SUMIFS(CPI_Data[Sugar and Confectionery],CPI_Data[Sector], "Urban", CPI_Data[Date], $B135), SUMIFS(CPI_Data[Spices],CPI_Data[Sector], "Urban", CPI_Data[Date], $B135), SUMIFS(CPI_Data[Non-alcoholic beverages],CPI_Data[Sector], "Urban", CPI_Data[Date], $B135), SUMIFS(CPI_Data[Prepared meals, snacks, sweets etc.],CPI_Data[Sector], "Urban", CPI_Data[Date], $B135) ) -> 176.88333 | J135: =SUMIFS(CPI_Data[Fuel and light], CPI_Data[Sector], "Urban", CPI_Data[Date], B135) -> 182.6 | K135: =SUMIFS(CPI_Data[Transport and communication], CPI_Data[Sector], "Urban", CPI_Data[Date], B135) -> 159.8 | L135: =SUMIFS(CPI_Data[General index], CPI_Data[Sector], "Urban", CPI_Data[Date], B135) -> 176.3 | M135: =SUMIFS(CPI_Data[Health], CPI_Data[Sector], "Rural+Urban", CPI_Data[Date], B135) -> 184.4 | N135: =AVERAGE( SUMIFS(CPI_Data[Cereals and products],CPI_Data[Sector], "Rural+Urban", CPI_Data[Date], $B135), SUMIFS(CPI_Data[Meat and fish],CPI_Data[Sector], "Rural+Urban", CPI_Data[Date], $B135), SUMIFS(CPI_Data[Egg],CPI_Data[Sector], "Rural+Urban", CPI_Data[Date], $B135), SUMIFS(CPI_Data[Milk and products],CPI_Data[Sector], "Rural+Urban", CPI_Data[Date], $B135), SUMIFS(CPI_Data[Oils and fats],CPI_Data[Sector], "Rural+Urban", CPI_Data[Date], $B135), SUMIFS(CPI_Data[Fruits],CPI_Data[Sector], "Rural+Urban", CPI_Data[Date], $B135), SUMIFS(CPI_Data[Vegetables],CPI_Data[Sector], "Rural+Urban", CPI_Data[Date], $B135), SUMIFS(CPI_Data[Pulses and products],CPI_Data[Sector], "Rural+Urban", CPI_Data[Date], $B135), SUMIFS(CPI_Data[Sugar and Confectionery],CPI_Data[Sector], "Rural+Urban", CPI_Data[Date], $B135), SUMIFS(CPI_Data[Spices],CPI_Data[Sector], "Rural+Urban", CPI_Data[Date], $B135), SUMIFS(CPI_Data[Non-alcoholic beverages],CPI_Data[Sector], "Rural+Urban", CPI_Data[Date], $B135), SUMIFS(CPI_Data[Prepared meals, snacks, sweets etc.],CPI_Data[Sector], "Rural+Urban", CPI_Data[Date], $B135) ) -> 175.18333 | O135: =SUMIFS(CPI_Data[Fuel and light], CPI_Data[Sector], "Rural+Urban", CPI_Data[Date], B135) -> 181.9 | P135: =SUMIFS(CPI_Data[Transport and communication], CPI_Data[Sector], "Rural+Urban", CPI_Data[Date], B135) -> 164.2 | Q135: =SUMIFS(CPI_Data[General index], CPI_Data[Sector], "Rural+Urban", CPI_Data[Date], B135) -> 177.2
B138: Date | C138: Health Inflation (R) | D138: Food Inflation (R) | E138: Fuel and light Inflation (R) | F138: Transport and communication Inflation (R) | G138: General index Inflation (R) | H138: Health Inflation (U) | I138: Food Inflation (U) | J138: Fuel and light Inflation (U) | K138: Transport and communication Inflation (U) | L138: General index Inflation (U) | M138: Health Inflation (R+U) | N138: Food Inflation (R+U) | O138: Fuel and light Inflation (R+U) | P138: Transport and communication Inflation (R+U) | Q138: General index Inflation (R+U)
B139: 42795 | C139: =(C129-C128)/C128 -> 0.046474359 | D139: =(D129-D128)/D128 -> 0.02757199 | E139: =(E129-E128)/E128 -> 0.056692913 | F139: =(F129-F128)/F128 -> 0.054577465 | G139: =(G129-G128)/G128 -> 0.0375 | H139: =(H129-H128)/H128 -> 0.028404344 | I139: =(I129-I128)/I128 -> 0.022356535 | J139: =(J129-J128)/J128 -> 0.052264808 | ... Q139: =(Q129-Q128)/Q128 -> 0.038888889
B140: 43160 | C140: =(C130-C129)/C129 -> 0.046707504 | D140: =(D130-D129)/D129 -> 0.030280233 | E140: =(E130-E129)/E129 -> 0.062593145 | F140: =(F130-F129)/F129 -> 0.040066778 | G140: =(G130-G129)/G129 -> 0.044427711 | H140: =(H130-H129)/H129 -> 0.060113729 | I140: =(I130-I129)/I129 -> 0.004831225 | J140: =(J130-J129)/J129 -> 0.046357616 | ... Q140: =(Q130-Q129)/Q129 -> 0.042780749
B141: 43525 | C141: =(C131-C130)/C130 -> 0.10021946 | D141: =(D131-D130)/D130 -> -0.011865644 | E141: =(E131-E130)/E130 -> 0.026647966 | F141: =(F131-F130)/F130 -> 0.042536116 | G141: =(G131-G130)/G130 -> 0.018024513 | H141: =(H131-H130)/H130 -> 0.066666667 | I141: =(I131-I130)/I130 -> 0.030429557 | J141: =(J131-J130)/J130 -> 0.018987342 | ... Q141: =(Q131-Q130)/Q130 -> 0.028571429
B142: 43891 | C142: =(C132-C131)/C131 -> 0.041888298 | D142: =(D132-D131)/D131 -> 0.07543568 | E142: =(E132-E131)/E131 -> 0.047814208 | F142: =(F132-F131)/F131 -> 0.045419554 | G142: =(G132-G131)/G131 -> 0.060906516 | H142: =(H132-H131)/H131 -> 0.041666667 | I142: =(I132-I131)/I131 -> 0.073428291 | J142: =(J132-J131)/J131 -> 0.097826087 | ... Q142: =(Q132-Q131)/Q131 -> 0.058404558
B143: 44256 | C143: =(C133-C132)/C132 -> 0.050414805 | D143: =(D133-D132)/D132 -> 0.071461292 | E143: =(E133-E132)/E132 -> 0.016949153 | F143: =(F133-F132)/F132 -> 0.11413844 | G143: =(G133-G132)/G132 -> 0.046061415 | H143: =(H133-H132)/H132 -> 0.082068966 | I143: =(I133-I132)/I132 -> 0.089052848 | J143: =(J133-J132)/J132 -> 0.09476662 | ... Q143: =(Q133-Q132)/Q132 -> 0.055181696
B144: 44621 | C144: =(C134-C133)/C133 -> 0.069258809 | D144: =(D134-D133)/D133 -> 0.07551304 | E144: =(E134-E133)/E133 -> 0.082692308 | F144: =(F134-F133)/F133 -> 0.070720423 | G144: =(G134-G133)/G133 -> 0.076579451 | H144: =(H134-H133)/H133 -> 0.072020395 | I144: =(I134-I133)/I133 -> 0.063389528 | J144: =(J134-J133)/J133 -> 0.062661499 | ... Q144: =(Q134-Q133)/Q133 -> 0.069515306
B145: 44986 | C145: =(C135-C134)/C134 -> 0.060227273 | D145: =(D135-D134)/D134 -> 0.039006211 | E145: =(E135-E134)/E134 -> 0.074008289 | F145: =(F135-F134)/F134 -> 0.043209877 | G145: =(G135-G134)/G134 -> 0.055127445 | H145: =(H135-H134)/H134 -> 0.07491082 | I145: =(I135-I134)/I134 -> 0.048301067 | J145: =(J135-J134)/J134 -> 0.1100304 | ... Q145: =(Q135-Q134)/Q134 -> 0.056648778

Sheet Q5 - Oil Impact
B36: CPI Category | C36: Correlation with Imported Crude Oil | D36: Correlation
B37: Oils and fats | C37: =CORREL(Table4[Oil Price change], Table4[Oils and fats inflation]) -> 0.40456505 | D37: =Table5[[#This Row],[Correlation with Imported Crude Oil]] -> 0.40456505
B38: Meat and fish | C38: =CORREL(Table4[Oil Price change],Table4[Meat and fish inflation]) -> 0.3745849 | D38: =Table5[[#This Row],[Correlation with Imported Crude Oil]] -> 0.3745849
B39: Non-alcoholic beverages | C39: =CORREL(Table4[Oil Price change], Table4[Non-alcoholic beverages inflation]) -> 0.2365244 | D39: =Table5[[#This Row],[Correlation with Imported Crude Oil]] -> 0.2365244
B40: Pan, tobacco and intoxicants | C40: =CORREL(Table4[Oil Price change], Table4[Pan, tobacco and intoxicants inflation]) -> 0.18028144 | D40: =Table5[[#This Row],[Correlation with Imported Crude Oil]] -> 0.18028144
B41: Footwear | C41: =CORREL(Table4[Oil Price change], Table4[Footwear inflation]) -> 0.16266408 | D41: =Table5[[#This Row],[Correlation with Imported Crude Oil]] -> 0.16266408
B42: Fuel and light | C42: =CORREL(Table4[Oil Price change], Table4[Fuel and light inflation]) -> 0.16050751 | D42: =Table5[[#This Row],[Correlation with Imported Crude Oil]] -> 0.16050751
B43: Recreation and amusement | C43: =CORREL(Table4[Oil Price change], Table4[Recreation and amusement inflation]) -> 0.1496344 | D43: =Table5[[#This Row],[Correlation with Imported Crude Oil]] -> 0.1496344
B44: Transport and communication | C44: =CORREL(Table4[Oil Price change], Table4[Transport and communication inflation]) -> 0.1176718 | D44: =Table5[[#This Row],[Correlation with Imported Crude Oil]] -> 0.1176718
B45: Clothing and footwear | C45: =CORREL(Table4[Oil Price change], Table4[Clothing and footwear inflation]) -> 0.10364372 | D45: =Table5[[#This Row],[Correlation with Imported Crude Oil]] -> 0.10364372
B46: Health | C46: =CORREL(Table4[Oil Price change], Table4[Health inflation]) -> 0.089523719 | D46: =Table5[[#This Row],[Correlation with Imported Crude Oil]] -> 0.089523719
B47: Prepared meals, snacks, sweets etc. | C47: =CORREL(Table4[Oil Price change], Table4[Prepared meals, snacks, sweets etc. inflation]) -> 0.089416301 | D47: =Table5[[#This Row],[Correlation with Imported Crude Oil]] -> 0.089416301
B48: Miscellaneous | C48: =CORREL(Table4[Oil Price change], Table4[Miscellaneous inflation]) -> 0.086597424 | D48: =Table5[[#This Row],[Correlation with Imported Crude Oil]] -> 0.086597424
B49: Clothing | C49: =CORREL(Table4[Oil Price change], Table4[Clothing inflation]) -> 0.07727676 | D49: =Table5[[#This Row],[Correlation with Imported Crude Oil]] -> 0.07727676 | J49: v
B50: Fruits | C50: =CORREL(Table4[Oil Price change], Table4[Fruits inflation]) -> 0.071051677 | D50: =Table5[[#This Row],[Correlation with Imported Crude Oil]] -> 0.071051677
B51: Housing | C51: =CORREL(Table4[Oil Price change], Table4[Housing inflation]) -> 0.06728946 | D51: =Table5[[#This Row],[Correlation with Imported Crude Oil]] -> 0.06728946
B52: General index | C52: =CORREL(Table4[Oil Price change], Table4[General index inflation]) -> 0.017252378 | D52: =Table5[[#This Row],[Correlation with Imported Crude Oil]] -> 0.017252378
B53: Personal care and effects | C53: =CORREL(Table4[Oil Price change], Table4[Personal care and effects inflation]) -> -0.010557839 | D53: =Table5[[#This Row],[Correlation with Imported Crude Oil]] -> -0.010557839
B54: Food and beverages | C54: =CORREL(Table4[Oil Price change], Table4[Food and beverages inflation]) -> -0.011741139 | D54: =Table5[[#This Row],[Correlation with Imported Crude Oil]] -> -0.011741139
B55: Household goods and services | C55: =CORREL(Table4[Oil Price change], Table4[Household goods and services inflation]) -> -0.026469931 | D55: =Table5[[#This Row],[Correlation with Imported Crude Oil]] -> -0.026469931
B56: Vegetables | C56: =CORREL(Table4[Oil Price change], Table4[Vegetables inflation]) -> -0.046686398 | D56: =Table5[[#This Row],[Correlation with Imported Crude Oil]] -> -0.046686398
B57: Education | C57: =CORREL(Table4[Oil Price change], Table4[Education inflation]) -> -0.16459429 | D57: =Table5[[#This Row],[Correlation with Imported Crude Oil]] -> -0.16459429
B58: Spices | C58: =CORREL(Table4[Oil Price change], Table4[Spices inflation]) -> -0.18651775 | D58: =Table5[[#This Row],[Correlation with Imported Crude Oil]] -> -0.18651775
B59: Sugar and Confectionery | C59: =CORREL(Table4[Oil Price change], Table4[Sugar and Confectionery inflation]) -> -0.21310276 | D59: =Table5[[#This Row],[Correlation with Imported Crude Oil]] -> -0.21310276
B60: Pulses and products | C60: =CORREL(Table4[Oil Price change], Table4[Pulses and products inflation]) -> -0.21327999 | D60: =Table5[[#This Row],[Correlation with Imported Crude Oil]] -> -0.21327999
B61: Egg | C61: =CORREL(Table4[Oil Price change],Table4[Egg inflation]) -> -0.23585559 | D61: =Table5[[#This Row],[Correlation with Imported Crude Oil]] -> -0.23585559
B62: Cereals and products | C62: =CORREL(Table4[Oil Price change],Table4[Cereals and products inflation]) -> -0.2755744 | D62: =Table5[[#This Row],[Correlation with Imported Crude Oil]] -> -0.2755744
B63: Milk and products | C63: =CORREL(Table4[Oil Price change], Table4[Milk and products inflation]) -> -0.28956708 | D63: =Table5[[#This Row],[Correlation with Imported Crude Oil]] -> -0.28956708
B67: Date | C67: Oil Price | D67: Cereals and products | E67: Meat and fish | F67: Egg | G67: Milk and products | H67: Oils and fats | I67: Fruits | J67: Vegetables | K67: Pulses and products | L67: Sugar and Confectionery | M67: Spices | N67: Non-alcoholic beverages | O67: Prepared meals, snacks, sweets etc. | P67: Food and beverages | Q67: Pan, tobacco and intoxicants | R67: Clothing | S67: Footwear | T67: Clothing and footwear | U67: Housing | V67: Fuel and light | W67: Household goods and services | X67: Health | Y67: Transport and communication | Z67: Recreation and amusement | AA67: Education | AB67: Personal care and effects | AC67: Miscellaneous | AD67: General index
B68: 44166 | C68: 49.839817 | D68: =SUMIFS(CPI_Data[Cereals and products], CPI_Data[Sector], "Rural+Urban", CPI_Data[Date],B68) -> 146 | E68: =SUMIFS(CPI_Data[Meat and fish], CPI_Data[Sector], "Rural+Urban", CPI_Data[Date],B68) -> 191 | F68: =SUMIFS(CPI_Data[Egg], CPI_Data[Sector], "Rural+Urban", CPI_Data[Date],B68) -> 175.3 | G68: =SUMIFS(CPI_Data[Milk and products], CPI_Data[Sector], "Rural+Urban", CPI_Data[Date],B68) -> 154.1 | H68: =SUMIFS(CPI_Data[Oils and fats], CPI_Data[Sector], "Rural+Urban", CPI_Data[Date],B68) -> 146.6 | I68: =SUMIFS(CPI_Data[Fruits], CPI_Data[Sector], "Rural+Urban", CPI_Data[Date],B68) -> 147.7 | J68: =SUMIFS(CPI_Data[Vegetables], CPI_Data[Sector], "Rural+Urban", CPI_Data[Date],B68) -> 230.5 | K68: =SUMIFS(CPI_Data[Pulses and products], CPI_Data[Sector], "Rural+Urban", CPI_Data[Date],B68) -> 160.2 | L68: =SUMIFS(CPI_Data[Sugar and Confectionery], CPI_Data[Sector], "Rural+Urban", CPI_Data[Date],B68) -> 115.3 | M68: =SUMIFS(CPI_Data[Spices], CPI_Data[Sector], "Rural+Urban", CPI_Data[Date],B68) -> 163 | N68: =SUMIFS(CPI_Data[Non-alcoholic beverages], CPI_Data[Sector], "Rural+Urban", CPI_Data[Date],B68) -> 149.2 | O68: =SUMIFS(CPI_Data[Prepared meals, snacks, sweets etc.], CPI_Data[Sector], "Rural+Urban", CPI_Data[Date],B68) -> 164.8 | P68: =SUMIFS(CPI_Data[Food and beverages], CPI_Data[Sector], "Rural+Urban", CPI_Data[Date],B68) -> 165.4 | Q68: =SUMIFS(CPI_Data[Pan, tobacco and intoxicants], CPI_Data[Sector], "Rural+Urban", CPI_Data[Date],B68) -> 185.4 | R68: =SUMIFS(CPI_Data[Clothing], CPI_Data[Sector], "Rural+Urban", CPI_Data[Date],B68) -> 155 | S68: =SUMIFS(CPI_Data[Footwear], CPI_Data[Sector], "Rural+Urban", CPI_Data[Date],B68) -> 145.4 | T68: =SUMIFS(CPI_Data[Clothing and footwear], CPI_Data[Sector], "Rural+Urban", CPI_Data[Date],B68) -> 153.6 | U68: =SUMIFS(CPI_Data[Housing], CPI_Data[Sector], "Rural+Urban", CPI_Data[Date],B68) -> 158.4 | V68: =SUMIFS(CPI_Data[Fuel and light], CPI_Data[Sector], "Rural+Urban", CPI_Data[Date],B68) -> 144.6 | W68: =SUMIFS(CPI_Data[Household goods and services], CPI_Data[Sector], "Rural+Urban", CPI_Data[Date],B68) -> 149.7 | X68: =SUMIFS(CPI_Data[Health], CPI_Data[Sector], "Rural+Urban", CPI_Data[Date],B68) -> 158.3 | Y68: =SUMIFS(CPI_Data[Transport and communication], CPI_Data[Sector], "Rural+Urban", CPI_Data[Date],B68) -> 140.7 | Z68: =SUMIFS(CPI_Data[Recreation and amusement], CPI_Data[Sector], "Rural+Urban", CPI_Data[Date],B68) -> 148.5 | AA68: =SUMIFS(CPI_Data[Education], CPI_Data[Sector], "Rural+Urban", CPI_Data[Date],B68) -> 159.4 | AB68: =SUMIFS(CPI_Data[Personal care and effects], CPI_Data[Sector], "Rural+Urban", CPI_Data[Date],B68) -> 157.1 | AC68: =SUMIFS(CPI_Data[Miscellaneous], CPI_Data[Sector], "Rural+Urban", CPI_Data[Date],B68) -> 151.2 | AD68: =SUMIFS(CPI_Data[General index], CPI_Data[Sector], "Rural+Urban", CPI_Data[Date],B68) -> 158.9
B69: 44197 | C69: 54.79457 | D69: =SUMIFS(CPI_Data[Cereals and products], CPI_Data[Sector], "Rural+Urban", CPI_Data[Date],B69) -> 144.9 | E69: =SUMIFS(CPI_Data[Meat and fish], CPI_Data[Sector], "Rural+Urban", CPI_Data[Date],B69) -> 190.1 | F69: =SUMIFS(CPI_Data[Egg], CPI_Data[Sector], "Rural+Urban", CPI_Data[Date],B69) -> 175.3 | G69: =SUMIFS(CPI_Data[Milk and products], CPI_Data[Sector], "Rural+Urban", CPI_Data[Date],B69) -> 154.1 | H69: =SUMIFS(CPI_Data[Oils and fats], CPI_Data[Sector], "Rural+Urban", CPI_Data[Date],B69) -> 150.9 | I69: =SUMIFS(CPI_Data[Fruits], CPI_Data[Sector], "Rural+Urban", CPI_Data[Date],B69) -> 149.6 | J69: =SUMIFS(CPI_Data[Vegetables], CPI_Data[Sector], "Rural+Urban", CPI_Data[Date],B69) -> 194.2 | K69: =SUMIFS(CPI_Data[Pulses and products], CPI_Data[Sector], "Rural+Urban", CPI_Data[Date],B69) -> 160.4 | L69: =SUMIFS(CPI_Data[Sugar and Confectionery], CPI_Data[Sector], "Rural+Urban", CPI_Data[Date],B69) -> 114.6 | M69: =SUMIFS(CPI_Data[Spices], CPI_Data[Sector], "Rural+Urban", CPI_Data[Date],B69) -> 164 | N69: =SUMIFS(CPI_Data[Non-alcoholic beverages], CPI_Data[Sector], "Rural+Urban", CPI_Data[Date],B69) -> 151.8 | O69: =SUMIFS(CPI_Data[Prepared meals, snacks, sweets etc.], CPI_Data[Sector], "Rural+Urban", CPI_Data[Date],B69) -> 165.6 | P69: =SUMIFS(CPI_Data[Food and beverages], CPI_Data[Sector], "Rural+Urban", CPI_Data[Date],B69) -> 161 | Q69: =SUMIFS(CPI_Data[Pan, tobacco and intoxicants], CPI_Data[Sector], "Rural+Urban", CPI_Data[Date],B69) -> 186.5 | R69: =SUMIFS(CPI_Data[Clothing], CPI_Data[Sector], "Rural+Urban", CPI_Data[Date],B69) -> 155.5 | S69: =SUMIFS(CPI_Data[Footwear], CPI_Data[Sector], "Rural+Urban", CPI_Data[Date],B69) -> 146.1 | T69: =SUMIFS(CPI_Data[Clothing and footwear], CPI_Data[Sector], "Rural+Urban", CPI_Data[Date],B69) -> 154.2 | U69: =SUMIFS(CPI_Data[Housing], CPI_Data[Sector], "Rural+Urban", CPI_Data[Date],B69) -> 157.7 | V69: =SUMIFS(CPI_Data[Fuel and light], CPI_Data[Sector], "Rural+Urban", CPI_Data[Date],B69) -> 147.9 | W69: =SUMIFS(CPI_Data[Household goods and services], CPI_Data[Sector], "Rural+Urban", CPI_Data[Date],B69) -> 150 | X69: =SUMIFS(CPI_Data[Health], CPI_Data[Sector], "Rural+Urban", CPI_Data[Date],B69) -> 159.3 | Y69: =SUMIFS(CPI_Data[Transport and communication], CPI_Data[Sector], "Rural+Urban", CPI_Data[Date],B69) -> 141.9 | Z69: =SUMIFS(CPI_Data[Recreation and amusement], CPI_Data[Sector], "Rural+Urban", CPI_Data[Date],B69) -> 149.6 | AA69: =SUMIFS(CPI_Data[Education], CPI_Data[Sector], "Rural+Urban", CPI_Data[Date],B69) -> 159.2 | AB69: =SUMIFS(CPI_Data[Personal care and effects], CPI_Data[Sector], "Rural+Urban", CPI_Data[Date],B69) -> 156.8 | AC69: =SUMIFS(CPI_Data[Miscellaneous], CPI_Data[Sector], "Rural+Urban", CPI_Data[Date],B69) -> 151.9 | AD69: =SUMIFS(CPI_Data[General index], CPI_Data[Sector], "Rural+Urban", CPI_Data[Date],B69) -> 157.3
B70: 44228 | C70: 61.216117 | D70: =SUMIFS(CPI_Data[Cereals and products], CPI_Data[Sector], "Rural+Urban", CPI_Data[Date],B70) -> 144.3 | E70: =SUMIFS(CPI_Data[Meat and fish], CPI_Data[Sector], "Rural+Urban", CPI_Data[Date],B70) -> 186.5 | F70: =SUMIFS(CPI_Data[Egg], CPI_Data[Sector], "Rural+Urban", CPI_Data[Date],B70) -> 168.7 | G70: =SUMIFS(CPI_Data[Milk and products], CPI_Data[Sector], "Rural+Urban", CPI_Data[Date],B70) -> 154.7 | H70: =SUMIFS(CPI_Data[Oils and fats], CPI_Data[Sector], "Rural+Urban", CPI_Data[Date],B70) -> 158.7 | I70: =SUMIFS(CPI_Data[Fruits], CPI_Data[Sector], "Rural+Urban", CPI_Data[Date],B70) -> 150.7 | J70: =SUMIFS(CPI_Data[Vegetables], CPI_Data[Sector], "Rural+Urban", CPI_Data[Date],B70) -> 160 | K70: =SUMIFS(CPI_Data[Pulses and products], CPI_Data[Sector], "Rural+Urban", CPI_Data[Date],B70) -> 158.8 | L70: =SUMIFS(CPI_Data[Sugar and Confectionery], CPI_Data[Sector], "Rural+Urban", CPI_Data[Date],B70) -> 112.8 | M70: =SUMIFS(CPI_Data[Spices], CPI_Data[Sector], "Rural+Urban", CPI_Data[Date],B70) -> 164.2 | N70: =SUMIFS(CPI_Data[Non-alcoholic beverages], CPI_Data[Sector], "Rural+Urban", CPI_Data[Date],B70) -> 155.5 | O70: =SUMIFS(CPI_Data[Prepared meals, snacks, sweets etc.], CPI_Data[Sector], "Rural+Urban", CPI_Data[Date],B70) -> 167.5 | P70: =SUMIFS(CPI_Data[Food and beverages], CPI_Data[Sector], "Rural+Urban", CPI_Data[Date],B70) -> 156.9 | Q70: =SUMIFS(CPI_Data[Pan, tobacco and intoxicants], CPI_Data[Sector], "Rural+Urban", CPI_Data[Date],B70) -> 188.3 | R70: =SUMIFS(CPI_Data[Clothing], CPI_Data[Sector], "Rural+Urban", CPI_Data[Date],B70) -> 157.2 | S70: =SUMIFS(CPI_Data[Footwear], CPI_Data[Sector], "Rural+Urban", CPI_Data[Date],B70) -> 147.4 | T70: =SUMIFS(CPI_Data[Clothing and footwear], CPI_Data[Sector], "Rural+Urban", CPI_Data[Date],B70) -> 155.8 | U70: =SUMIFS(CPI_Data[Housing], CPI_Data[Sector], "Rural+Urban", CPI_Data[Date],B70) -> 159.8 | V70: =SUMIFS(CPI_Data[Fuel and light], CPI_Data[Sector], "Rural+Urban", CPI_Data[Date],B70) -> 152.4 | W70: =SUMIFS(CPI_Data[Household goods and services], CPI_Data[Sector], "Rural+Urban", CPI_Data[Date],B70) -> 150.9 | X70: =SUMIFS(CPI_Data[Health], CPI_Data[Sector], "Rural+Urban", CPI_Data[Date],B70) -> 161.3 | Y70: =SUMIFS(CPI_Data[Transport and communication], CPI_Data[Sector], "Rural+Urban", CPI_Data[Date],B70) -> 145.1 | Z70: =SUMIFS(CPI_Data[Recreation and amusement], CPI_Data[Sector], "Rural+Urban", CPI_Data[Date],B70) -> 151.5 | AA70: =SUMIFS(CPI_Data[Education], CPI_Data[Sector], "Rural+Urban", CPI_Data[Date],B70) -> 159.5 | AB70: =SUMIFS(CPI_Data[Personal care and effects], CPI_Data[Sector], "Rural+Urban", CPI_Data[Date],B70) -> 155.8 | AC70: =SUMIFS(CPI_Data[Miscellaneous], CPI_Data[Sector], "Rural+Urban", CPI_Data[Date],B70) -> 153.4 | AD70: =SUMIFS(CPI_Data[General index], CPI_Data[Sector], "Rural+Urban", CPI_Data[Date],B70) -> 156.6
B71: 44256 | C71: 64.729497 | D71: =SUMIFS(CPI_Data[Cereals and products], CPI_Data[Sector], "Rural+Urban", CPI_Data[Date],B71) -> 144.1 | E71: =SUMIFS(CPI_Data[Meat and fish], CPI_Data[Sector], "Rural+Urban", CPI_Data[Date],B71) -> 192.2 | F71: =SUMIFS(CPI_Data[Egg], CPI_Data[Sector], "Rural+Urban", CPI_Data[Date],B71) -> 163.8 | G71: =SUMIFS(CPI_Data[Milk and products], CPI_Data[Sector], "Rural+Urban", CPI_Data[Date],B71) -> 154.9 | H71: =SUMIFS(CPI_Data[Oils and fats], CPI_Data[Sector], "Rural+Urban", CPI_Data[Date],B71) -> 163.9 | I71: =SUMIFS(CPI_Data[Fruits], CPI_Data[Sector], "Rural+Urban", CPI_Data[Date],B71) -> 153.7 | J71: =SUMIFS(CPI_Data[Vegetables], CPI_Data[Sector], "Rural+Urban", CPI_Data[Date],B71) -> 149.5 | K71: =SUMIFS(CPI_Data[Pulses and products], CPI_Data[Sector], "Rural+Urban", CPI_Data[Date],B71) -> 159.8 | L71: =SUMIFS(CPI_Data[Sugar and Confectionery], CPI_Data[Sector], "Rural+Urban", CPI_Data[Date],B71) -> 112.6 | M71: =SUMIFS(CPI_Data[Spices], CPI_Data[Sector], "Rural+Urban", CPI_Data[Date],B71) -> 163.5 | N71: =SUMIFS(CPI_Data[Non-alcoholic beverages], CPI_Data[Sector], "Rural+Urban", CPI_Data[Date],B71) -> 156.5 | O71: =SUMIFS(CPI_Data[Prepared meals, snacks, sweets etc.], CPI_Data[Sector], "Rural+Urban", CPI_Data[Date],B71) -> 168.2 | P71: =SUMIFS(CPI_Data[Food and beverages], CPI_Data[Sector], "Rural+Urban", CPI_Data[Date],B71) -> 156.7 | Q71: =SUMIFS(CPI_Data[Pan, tobacco and intoxicants], CPI_Data[Sector], "Rural+Urban", CPI_Data[Date],B71) -> 188.1 | R71: =SUMIFS(CPI_Data[Clothing], CPI_Data[Sector], "Rural+Urban", CPI_Data[Date],B71) -> 157.8 | S71: =SUMIFS(CPI_Data[Footwear], CPI_Data[Sector], "Rural+Urban", CPI_Data[Date],B71) -> 147.9 | T71: =SUMIFS(CPI_Data[Clothing and footwear], CPI_Data[Sector], "Rural+Urban", CPI_Data[Date],B71) -> 156.4 | U71: =SUMIFS(CPI_Data[Housing], CPI_Data[Sector], "Rural+Urban", CPI_Data[Date],B71) -> 159.9 | V71: =SUMIFS(CPI_Data[Fuel and light], CPI_Data[Sector], "Rural+Urban", CPI_Data[Date],B71) -> 155.5 | W71: =SUMIFS(CPI_Data[Household goods and services], CPI_Data[Sector], "Rural+Urban", CPI_Data[Date],B71) -> 151.2 | X71: =SUMIFS(CPI_Data[Health], CPI_Data[Sector], "Rural+Urban", CPI_Data[Date],B71) -> 161.7 | Y71: =SUMIFS(CPI_Data[Transport and communication], CPI_Data[Sector], "Rural+Urban", CPI_Data[Date],B71) -> 146.2 | Z71: =SUMIFS(CPI_Data[Recreation and amusement], CPI_Data[Sector], "Rural+Urban", CPI_Data[Date],B71) -> 152.6 | AA71: =SUMIFS(CPI_Data[Education], CPI_Data[Sector], "Rural+Urban", CPI_Data[Date],B71) -> 160.2 | AB71: =SUMIFS(CPI_Data[Personal care and effects], CPI_Data[Sector], "Rural+Urban", CPI_Data[Date],B71) -> 153.8 | AC71: =SUMIFS(CPI_Data[Miscellaneous], CPI_Data[Sector], "Rural+Urban", CPI_Data[Date],B71) -> 153.8 | AD71: =SUMIFS(CPI_Data[General index], CPI_Data[Sector], "Rural+Urban", CPI_Data[Date],B71) -> 156.8
B72: 44287 | C72: 63.396977 | D72: =SUMIFS(CPI_Data[Cereals and products], CPI_Data[Sector], "Rural+Urban", CPI_Data[Date],B72) -> 144.3 | E72: =SUMIFS(CPI_Data[Meat and fish], CPI_Data[Sector], "Rural+Urban", CPI_Data[Date],B72) -> 198 | F72: =SUMIFS(CPI_Data[Egg], CPI_Data[Sector], "Rural+Urban", CPI_Data[Date],B72) -> 164.6 | G72: =SUMIFS(CPI_Data[Milk and products], CPI_Data[Sector], "Rural+Urban", CPI_Data[Date],B72) -> 155.4 | H72: =SUMIFS(CPI_Data[Oils and fats], CPI_Data[Sector], "Rural+Urban", CPI_Data[Date],B72) -> 170.1 | I72: =SUMIFS(CPI_Data[Fruits], CPI_Data[Sector], "Rural+Urban", CPI_Data[Date],B72) -> 164.4 | J72: =SUMIFS(CPI_Data[Vegetables], CPI_Data[Sector], "Rural+Urban", CPI_Data[Date],B72) -> 144.1 | K72: =SUMIFS(CPI_Data[Pulses and products], CPI_Data[Sector], "Rural+Urban", CPI_Data[Date],B72) -> 161.7 | L72: =SUMIFS(CPI_Data[Sugar and Confectionery], CPI_Data[Sector], "Rural+Urban", CPI_Data[Date],B72) -> 113.1 | M72: =SUMIFS(CPI_Data[Spices], CPI_Data[Sector], "Rural+Urban", CPI_Data[Date],B72) -> 163.9 | N72: =SUMIFS(CPI_Data[Non-alcoholic beverages], CPI_Data[Sector], "Rural+Urban", CPI_Data[Date],B72) -> 157.6 | O72: =SUMIFS(CPI_Data[Prepared meals, snacks, sweets etc.], CPI_Data[Sector], "Rural+Urban", CPI_Data[Date],B72) -> 168.9 | P72: =SUMIFS(CPI_Data[Food and beverages], CPI_Data[Sector], "Rural+Urban", CPI_Data[Date],B72) -> 158 | Q72: =SUMIFS(CPI_Data[Pan, tobacco and intoxicants], CPI_Data[Sector], "Rural+Urban", CPI_Data[Date],B72) -> 188.8 | R72: =SUMIFS(CPI_Data[Clothing], CPI_Data[Sector], "Rural+Urban", CPI_Data[Date],B72) -> 158.8 | S72: =SUMIFS(CPI_Data[Footwear], CPI_Data[Sector], "Rural+Urban", CPI_Data[Date],B72) -> 148.5 | T72: =SUMIFS(CPI_Data[Clothing and footwear], CPI_Data[Sector], "Rural+Urban", CPI_Data[Date],B72) -> 157.3 | U72: =SUMIFS(CPI_Data[Housing], CPI_Data[Sector], "Rural+Urban", CPI_Data[Date],B72) -> 161.4 | V72: =SUMIFS(CPI_Data[Fuel and light], CPI_Data[Sector], "Rural+Urban", CPI_Data[Date],B72) -> 155.6 | W72: =SUMIFS(CPI_Data[Household goods and services], CPI_Data[Sector], "Rural+Urban", CPI_Data[Date],B72) -> 151.8 | X72: =SUMIFS(CPI_Data[Health], CPI_Data[Sector], "Rural+Urban", CPI_Data[Date],B72) -> 162.3 | Y72: =SUMIFS(CPI_Data[Transport and communication], CPI_Data[Sector], "Rural+Urban", CPI_Data[Date],B72) -> 146.6 | Z72: =SUMIFS(CPI_Data[Recreation and amusement], CPI_Data[Sector], "Rural+Urban", CPI_Data[Date],B72) -> 153.2 | AA72: =SUMIFS(CPI_Data[Education], CPI_Data[Sector], "Rural+Urban", CPI_Data[Date],B72) -> 160.3 | AB72: =SUMIFS(CPI_Data[Personal care and effects], CPI_Data[Sector], "Rural+Urban", CPI_Data[Date],B72) -> 155.4 | AC72: =SUMIFS(CPI_Data[Miscellaneous], CPI_Data[Sector], "Rural+Urban", CPI_Data[Date],B72) -> 154.4 | AD72: =SUMIFS(CPI_Data[General index], CPI_Data[Sector], "Rural+Urban", CPI_Data[Date],B72) -> 157.8
B73: 44317 | C73: 66.953085 | D73: =SUMIFS(CPI_Data[Cereals and products], CPI_Data[Sector], "Rural+Urban", CPI_Data[Date],B73) -> 146.3 | E73: =SUMIFS(CPI_Data[Meat and fish], CPI_Data[Sector], "Rural+Urban", CPI_Data[Date],B73) -> 200.5 | F73: =SUMIFS(CPI_Data[Egg], CPI_Data[Sector], "Rural+Urban", CPI_Data[Date],B73) -> 170.3 | G73: =SUMIFS(CPI_Data[Milk and products], CPI_Data[Sector], "Rural+Urban", CPI_Data[Date],B73) -> 156.1 | H73: =SUMIFS(CPI_Data[Oils and fats], CPI_Data[Sector], "Rural+Urban", CPI_Data[Date],B73) -> 178.7 | I73: =SUMIFS(CPI_Data[Fruits], CPI_Data[Sector], "Rural+Urban", CPI_Data[Date],B73) -> 167.1 | J73: =SUMIFS(CPI_Data[Vegetables], CPI_Data[Sector], "Rural+Urban", CPI_Data[Date],B73) -> 147.9 | K73: =SUMIFS(CPI_Data[Pulses and products], CPI_Data[Sector], "Rural+Urban", CPI_Data[Date],B73) -> 165.4 | L73: =SUMIFS(CPI_Data[Sugar and Confectionery], CPI_Data[Sector], "Rural+Urban", CPI_Data[Date],B73) -> 114.8 | M73: =SUMIFS(CPI_Data[Spices], CPI_Data[Sector], "Rural+Urban", CPI_Data[Date],B73) -> 168.2 | N73: =SUMIFS(CPI_Data[Non-alcoholic beverages], CPI_Data[Sector], "Rural+Urban", CPI_Data[Date],B73) -> 159.3 | O73: =SUMIFS(CPI_Data[Prepared meals, snacks, sweets etc.], CPI_Data[Sector], "Rural+Urban", CPI_Data[Date],B73) -> 170.4 | P73: =SUMIFS(CPI_Data[Food and beverages], CPI_Data[Sector], "Rural+Urban", CPI_Data[Date],B73) -> 160.7 | Q73: =SUMIFS(CPI_Data[Pan, tobacco and intoxicants], CPI_Data[Sector], "Rural+Urban", CPI_Data[Date],B73) -> 191.9 | R73: =SUMIFS(CPI_Data[Clothing], CPI_Data[Sector], "Rural+Urban", CPI_Data[Date],B73) -> 161.8 | S73: =SUMIFS(CPI_Data[Footwear], CPI_Data[Sector], "Rural+Urban", CPI_Data[Date],B73) -> 152.1 | T73: =SUMIFS(CPI_Data[Clothing and footwear], CPI_Data[Sector], "Rural+Urban", CPI_Data[Date],B73) -> 160.4 | U73: =SUMIFS(CPI_Data[Housing], CPI_Data[Sector], "Rural+Urban", CPI_Data[Date],B73) -> 161.6 | V73: =SUMIFS(CPI_Data[Fuel and light], CPI_Data[Sector], "Rural+Urban", CPI_Data[Date],B73) -> 159.4 | W73: =SUMIFS(CPI_Data[Household goods and services], CPI_Data[Sector], "Rural+Urban", CPI_Data[Date],B73) -> 154.7 | X73: =SUMIFS(CPI_Data[Health], CPI_Data[Sector], "Rural+Urban", CPI_Data[Date],B73) -> 165.8 | Y73: =SUMIFS(CPI_Data[Transport and communication], CPI_Data[Sector], "Rural+Urban", CPI_Data[Date],B73) -> 148.9 | Z73: =SUMIFS(CPI_Data[Recreation and amusement], CPI_Data[Sector], "Rural+Urban", CPI_Data[Date],B73) -> 155.8 | AA73: =SUMIFS(CPI_Data[Education], CPI_Data[Sector], "Rural+Urban", CPI_Data[Date],B73) -> 161.2 | AB73: =SUMIFS(CPI_Data[Personal care and effects], CPI_Data[Sector], "Rural+Urban", CPI_Data[Date],B73) -> 158.6 | AC73: =SUMIFS(CPI_Data[Miscellaneous], CPI_Data[Sector], "Rural+Urban", CPI_Data[Date],B73) -> 156.8 | AD73: =SUMIFS(CPI_Data[General index], CPI_Data[Sector], "Rural+Urban", CPI_Data[Date],B73) -> 160.4
B74: 44348 | C74: 71.982647 | D74: =SUMIFS(CPI_Data[Cereals and products], CPI_Data[Sector], "Rural+Urban", CPI_Data[Date],B74) -> 146.7 | E74: =SUMIFS(CPI_Data[Meat and fish], CPI_Data[Sector], "Rural+Urban", CPI_Data[Date],B74) -> 202 | F74: =SUMIFS(CPI_Data[Egg], CPI_Data[Sector], "Rural+Urban", CPI_Data[Date],B74) -> 180.7 | G74: =SUMIFS(CPI_Data[Milk and products], CPI_Data[Sector], "Rural+Urban", CPI_Data[Date],B74) -> 156.2 | H74: =SUMIFS(CPI_Data[Oils and fats], CPI_Data[Sector], "Rural+Urban", CPI_Data[Date],B74) -> 183.7 | I74: =SUMIFS(CPI_Data[Fruits], CPI_Data[Sector], "Rural+Urban", CPI_Data[Date],B74) -> 164.6 | J74: =SUMIFS(CPI_Data[Vegetables], CPI_Data[Sector], "Rural+Urban", CPI_Data[Date],B74) -> 155.4 | K74: =SUMIFS(CPI_Data[Pulses and products], CPI_Data[Sector], "Rural+Urban", CPI_Data[Date],B74) -> 166 | L74: =SUMIFS(CPI_Data[Sugar and Confectionery], CPI_Data[Sector], "Rural+Urban", CPI_Data[Date],B74) -> 115.1 | M74: =SUMIFS(CPI_Data[Spices], CPI_Data[Sector], "Rural+Urban", CPI_Data[Date],B74) -> 168.5 | N74: =SUMIFS(CPI_Data[Non-alcoholic beverages], CPI_Data[Sector], "Rural+Urban", CPI_Data[Date],B74) -> 160 | O74: =SUMIFS(CPI_Data[Prepared meals, snacks, sweets etc.], CPI_Data[Sector], "Rural+Urban", CPI_Data[Date],B74) -> 172.4 | P74: =SUMIFS(CPI_Data[Food and beverages], CPI_Data[Sector], "Rural+Urban", CPI_Data[Date],B74) -> 162.6 | Q74: =SUMIFS(CPI_Data[Pan, tobacco and intoxicants], CPI_Data[Sector], "Rural+Urban", CPI_Data[Date],B74) -> 190.8 | R74: =SUMIFS(CPI_Data[Clothing], CPI_Data[Sector], "Rural+Urban", CPI_Data[Date],B74) -> 162.2 | S74: =SUMIFS(CPI_Data[Footwear], CPI_Data[Sector], "Rural+Urban", CPI_Data[Date],B74) -> 151.8 | T74: =SUMIFS(CPI_Data[Clothing and footwear], CPI_Data[Sector], "Rural+Urban", CPI_Data[Date],B74) -> 160.7 | U74: =SUMIFS(CPI_Data[Housing], CPI_Data[Sector], "Rural+Urban", CPI_Data[Date],B74) -> 160.5 | V74: =SUMIFS(CPI_Data[Fuel and light], CPI_Data[Sector], "Rural+Urban", CPI_Data[Date],B74) -> 159.8 | W74: =SUMIFS(CPI_Data[Household goods and services], CPI_Data[Sector], "Rural+Urban", CPI_Data[Date],B74) -> 154.8 | X74: =SUMIFS(CPI_Data[Health], CPI_Data[Sector], "Rural+Urban", CPI_Data[Date],B74) -> 166.3 | Y74: =SUMIFS(CPI_Data[Transport and communication], CPI_Data[Sector], "Rural+Urban", CPI_Data[Date],B74) -> 150.7 | Z74: =SUMIFS(CPI_Data[Recreation and amusement], CPI_Data[Sector], "Rural+Urban", CPI_Data[Date],B74) -> 154.9 | AA74: =SUMIFS(CPI_Data[Education], CPI_Data[Sector], "Rural+Urban", CPI_Data[Date],B74) -> 161.7 | AB74: =SUMIFS(CPI_Data[Personal care and effects], CPI_Data[Sector], "Rural+Urban", CPI_Data[Date],B74) -> 158.8 | AC74: =SUMIFS(CPI_Data[Miscellaneous], CPI_Data[Sector], "Rural+Urban", CPI_Data[Date],B74) -> 157.6 | AD74: =SUMIFS(CPI_Data[General index], CPI_Data[Sector], "Rural+Urban", CPI_Data[Date],B74) -> 161.3
B75: 44378 | C75: 73.539061 | D75: =SUMIFS(CPI_Data[Cereals and products], CPI_Data[Sector], "Rural+Urban", CPI_Data[Date],B75) -> 146.4 | E75: =SUMIFS(CPI_Data[Meat and fish], CPI_Data[Sector], "Rural+Urban", CPI_Data[Date],B75) -> 206.8 | F75: =SUMIFS(CPI_Data[Egg], CPI_Data[Sector], "Rural+Urban", CPI_Data[Date],B75) -> 182.2 | G75: =SUMIFS(CPI_Data[Milk and products], CPI_Data[Sector], "Rural+Urban", CPI_Data[Date],B75) -> 157.5 | H75: =SUMIFS(CPI_Data[Oils and fats], CPI_Data[Sector], "Rural+Urban", CPI_Data[Date],B75) -> 182.1 | I75: =SUMIFS(CPI_Data[Fruits], CPI_Data[Sector], "Rural+Urban", CPI_Data[Date],B75) -> 163.9 | J75: =SUMIFS(CPI_Data[Vegetables], CPI_Data[Sector], "Rural+Urban", CPI_Data[Date],B75) -> 164.2 | K75: =SUMIFS(CPI_Data[Pulses and products], CPI_Data[Sector], "Rural+Urban", CPI_Data[Date],B75) -> 164 | L75: =SUMIFS(CPI_Data[Sugar and Confectionery], CPI_Data[Sector], "Rural+Urban", CPI_Data[Date],B75) -> 114.5 | M75: =SUMIFS(CPI_Data[Spices], CPI_Data[Sector], "Rural+Urban", CPI_Data[Date],B75) -> 168.3 | N75: =SUMIFS(CPI_Data[Non-alcoholic beverages], CPI_Data[Sector], "Rural+Urban", CPI_Data[Date],B75) -> 160.9 | O75: =SUMIFS(CPI_Data[Prepared meals, snacks, sweets etc.], CPI_Data[Sector], "Rural+Urban", CPI_Data[Date],B75) -> 172.2 | P75: =SUMIFS(CPI_Data[Food and beverages], CPI_Data[Sector], "Rural+Urban", CPI_Data[Date],B75) -> 164 | Q75: =SUMIFS(CPI_Data[Pan, tobacco and intoxicants], CPI_Data[Sector], "Rural+Urban", CPI_Data[Date],B75) -> 191.2 | R75: =SUMIFS(CPI_Data[Clothing], CPI_Data[Sector], "Rural+Urban", CPI_Data[Date],B75) -> 162.8 | S75: =SUMIFS(CPI_Data[Footwear], CPI_Data[Sector], "Rural+Urban", CPI_Data[Date],B75) -> 153.1 | T75: =SUMIFS(CPI_Data[Clothing and footwear], CPI_Data[Sector], "Rural+Urban", CPI_Data[Date],B75) -> 161.4 | U75: =SUMIFS(CPI_Data[Housing], CPI_Data[Sector], "Rural+Urban", CPI_Data[Date],B75) -> 161.5 | V75: =SUMIFS(CPI_Data[Fuel and light], CPI_Data[Sector], "Rural+Urban", CPI_Data[Date],B75) -> 160.7 | W75: =SUMIFS(CPI_Data[Household goods and services], CPI_Data[Sector], "Rural+Urban", CPI_Data[Date],B75) -> 155.8 | X75: =SUMIFS(CPI_Data[Health], CPI_Data[Sector], "Rural+Urban", CPI_Data[Date],B75) -> 167 | Y75: =SUMIFS(CPI_Data[Transport and communication], CPI_Data[Sector], "Rural+Urban", CPI_Data[Date],B75) -> 153.1 | Z75: =SUMIFS(CPI_Data[Recreation and amusement], CPI_Data[Sector], "Rural+Urban", CPI_Data[Date],B75) -> 155.3 | AA75: =SUMIFS(CPI_Data[Education], CPI_Data[Sector], "Rural+Urban", CPI_Data[Date],B75) -> 163.2 | AB75: =SUMIFS(CPI_Data[Personal care and effects], CPI_Data[Sector], "Rural+Urban", CPI_Data[Date],B75) -> 160.1 | AC75: =SUMIFS(CPI_Data[Miscellaneous], CPI_Data[Sector], "Rural+Urban", CPI_Data[Date],B75) -> 159 | AD75: =SUMIFS(CPI_Data[General index], CPI_Data[Sector], "Rural+Urban", CPI_Data[Date],B75) -> 162.5
B76: 44409 | C76: 69.804724 | D76: =SUMIFS(CPI_Data[Cereals and products], CPI_Data[Sector], "Rural+Urban", CPI_Data[Date],B76) -> 146.6 | E76: =SUMIFS(CPI_Data[Meat and fish], CPI_Data[Sector], "Rural+Urban", CPI_Data[Date],B76) -> 204 | F76: =SUMIFS(CPI_Data[Egg], CPI_Data[Sector], "Rural+Urban", CPI_Data[Date],B76) -> 172.8 | G76: =SUMIFS(CPI_Data[Milk and products], CPI_Data[Sector], "Rural+Urban", CPI_Data[Date],B76) -> 158.4 | H76: =SUMIFS(CPI_Data[Oils and fats], CPI_Data[Sector], "Rural+Urban", CPI_Data[Date],B76) -> 188 | I76: =SUMIFS(CPI_Data[Fruits], CPI_Data[Sector], "Rural+Urban", CPI_Data[Date],B76) -> 156.8 | J76: =SUMIFS(CPI_Data[Vegetables], CPI_Data[Sector], "Rural+Urban", CPI_Data[Date],B76) -> 162.2 | K76: =SUMIFS(CPI_Data[Pulses and products], CPI_Data[Sector], "Rural+Urban", CPI_Data[Date],B76) -> 164.1 | L76: =SUMIFS(CPI_Data[Sugar and Confectionery], CPI_Data[Sector], "Rural+Urban", CPI_Data[Date],B76) -> 119.7 | M76: =SUMIFS(CPI_Data[Spices], CPI_Data[Sector], "Rural+Urban", CPI_Data[Date],B76) -> 168.8 | N76: =SUMIFS(CPI_Data[Non-alcoholic beverages], CPI_Data[Sector], "Rural+Urban", CPI_Data[Date],B76) -> 162.7 | O76: =SUMIFS(CPI_Data[Prepared meals, snacks, sweets etc.], CPI_Data[Sector], "Rural+Urban", CPI_Data[Date],B76) -> 173.9 | P76: =SUMIFS(CPI_Data[Food and beverages], CPI_Data[Sector], "Rural+Urban", CPI_Data[Date],B76) -> 164 | Q76: =SUMIFS(CPI_Data[Pan, tobacco and intoxicants], CPI_Data[Sector], "Rural+Urban", CPI_Data[Date],B76) -> 192.1 | R76: =SUMIFS(CPI_Data[Clothing], CPI_Data[Sector], "Rural+Urban", CPI_Data[Date],B76) -> 164.5 | S76: =SUMIFS(CPI_Data[Footwear], CPI_Data[Sector], "Rural+Urban", CPI_Data[Date],B76) -> 155.3 | T76: =SUMIFS(CPI_Data[Clothing and footwear], CPI_Data[Sector], "Rural+Urban", CPI_Data[Date],B76) -> 163.2 | U76: =SUMIFS(CPI_Data[Housing], CPI_Data[Sector], "Rural+Urban", CPI_Data[Date],B76) -> 162.1 | V76: =SUMIFS(CPI_Data[Fuel and light], CPI_Data[Sector], "Rural+Urban", CPI_Data[Date],B76) -> 162.6 | W76: =SUMIFS(CPI_Data[Household goods and services], CPI_Data[Sector], "Rural+Urban", CPI_Data[Date],B76) -> 157.5 | X76: =SUMIFS(CPI_Data[Health], CPI_Data[Sector], "Rural+Urban", CPI_Data[Date],B76) -> 168.4 | Y76: =SUMIFS(CPI_Data[Transport and communication], CPI_Data[Sector], "Rural+Urban", CPI_Data[Date],B76) -> 154 | Z76: =SUMIFS(CPI_Data[Recreation and amusement], CPI_Data[Sector], "Rural+Urban", CPI_Data[Date],B76) -> 157.6 | AA76: =SUMIFS(CPI_Data[Education], CPI_Data[Sector], "Rural+Urban", CPI_Data[Date],B76) -> 163.8 | AB76: =SUMIFS(CPI_Data[Personal care and effects], CPI_Data[Sector], "Rural+Urban", CPI_Data[Date],B76) -> 160 | AC76: =SUMIFS(CPI_Data[Miscellaneous], CPI_Data[Sector], "Rural+Urban", CPI_Data[Date],B76) -> 160 | AD76: =SUMIFS(CPI_Data[General index], CPI_Data[Sector], "Rural+Urban", CPI_Data[Date],B76) -> 163.2
B77: 44440 | C77: 73.130738 | D77: =SUMIFS(CPI_Data[Cereals and products], CPI_Data[Sector], "Rural+Urban", CPI_Data[Date],B77) -> 146.6 | E77: =SUMIFS(CPI_Data[Meat and fish], CPI_Data[Sector], "Rural+Urban", CPI_Data[Date],B77) -> 204 | F77: =SUMIFS(CPI_Data[Egg], CPI_Data[Sector], "Rural+Urban", CPI_Data[Date],B77) -> 172.8 | G77: =SUMIFS(CPI_Data[Milk and products], CPI_Data[Sector], "Rural+Urban", CPI_Data[Date],B77) -> 158.4 | H77: =SUMIFS(CPI_Data[Oils and fats], CPI_Data[Sector], "Rural+Urban", CPI_Data[Date],B77) -> 188 | I77: =SUMIFS(CPI_Data[Fruits], CPI_Data[Sector], "Rural+Urban", CPI_Data[Date],B77) -> 156.7 | J77: =SUMIFS(CPI_Data[Vegetables], CPI_Data[Sector], "Rural+Urban", CPI_Data[Date],B77) -> 162.3 | K77: =SUMIFS(CPI_Data[Pulses and products], CPI_Data[Sector], "Rural+Urban", CPI_Data[Date],B77) -> 164.1 | L77: =SUMIFS(CPI_Data[Sugar and Confectionery], CPI_Data[Sector], "Rural+Urban", CPI_Data[Date],B77) -> 119.7 | M77: =SUMIFS(CPI_Data[Spices], CPI_Data[Sector], "Rural+Urban", CPI_Data[Date],B77) -> 168.8 | N77: =SUMIFS(CPI_Data[Non-alcoholic beverages], CPI_Data[Sector], "Rural+Urban", CPI_Data[Date],B77) -> 162.7 | O77: =SUMIFS(CPI_Data[Prepared meals, snacks, sweets etc.], CPI_Data[Sector], "Rural+Urban", CPI_Data[Date],B77) -> 173.9 | P77: =SUMIFS(CPI_Data[Food and beverages], CPI_Data[Sector], "Rural+Urban", CPI_Data[Date],B77) -> 164 | Q77: =SUMIFS(CPI_Data[Pan, tobacco and intoxicants], CPI_Data[Sector], "Rural+Urban", CPI_Data[Date],B77) -> 192.1 | R77: =SUMIFS(CPI_Data[Clothing], CPI_Data[Sector], "Rural+Urban", CPI_Data[Date],B77) -> 164.6 | S77: =SUMIFS(CPI_Data[Footwear], CPI_Data[Sector], "Rural+Urban", CPI_Data[Date],B77) -> 155.3 | T77: =SUMIFS(CPI_Data[Clothing and footwear], CPI_Data[Sector], "Rural+Urban", CPI_Data[Date],B77) -> 163.3 | U77: =SUMIFS(CPI_Data[Housing], CPI_Data[Sector], "Rural+Urban", CPI_Data[Date],B77) -> 162.1 | V77: =SUMIFS(CPI_Data[Fuel and light], CPI_Data[Sector], "Rural+Urban", CPI_Data[Date],B77) -> 162.6 | W77: =SUMIFS(CPI_Data[Household goods and services], CPI_Data[Sector], "Rural+Urban", CPI_Data[Date],B77) -> 157.5 | X77: =SUMIFS(CPI_Data[Health], CPI_Data[Sector], "Rural+Urban", CPI_Data[Date],B77) -> 168.4 | Y77: =SUMIFS(CPI_Data[Transport and communication], CPI_Data[Sector], "Rural+Urban", CPI_Data[Date],B77) -> 154 | Z77: =SUMIFS(CPI_Data[Recreation and amusement], CPI_Data[Sector], "Rural+Urban", CPI_Data[Date],B77) -> 157.7 | AA77: =SUMIFS(CPI_Data[Education], CPI_Data[Sector], "Rural+Urban", CPI_Data[Date],B77) -> 163.7 | AB77: =SUMIFS(CPI_Data[Personal care and effects], CPI_Data[Sector], "Rural+Urban", CPI_Data[Date],B77) -> 160 | AC77: =SUMIFS(CPI_Data[Miscellaneous], CPI_Data[Sector], "Rural+Urban", CPI_Data[Date],B77) -> 160 | AD77: =SUMIFS(CPI_Data[General index], CPI_Data[Sector], "Rural+Urban", CPI_Data[Date],B77) -> 163.2
B78: 44470 | C78: 82.107394 | D78: =SUMIFS(CPI_Data[Cereals and products], CPI_Data[Sector], "Rural+Urban", CPI_Data[Date],B78) -> 147.4 | E78: =SUMIFS(CPI_Data[Meat and fish], CPI_Data[Sector], "Rural+Urban", CPI_Data[Date],B78) -> 204.6 | F78: =SUMIFS(CPI_Data[Egg], CPI_Data[Sector], "Rural+Urban", CPI_Data[Date],B78) -> 171.2 | G78: =SUMIFS(CPI_Data[Milk and products], CPI_Data[Sector], "Rural+Urban", CPI_Data[Date],B78) -> 158.7 | H78: =SUMIFS(CPI_Data[Oils and fats], CPI_Data[Sector], "Rural+Urban", CPI_Data[Date],B78) -> 190.6 | I78: =SUMIFS(CPI_Data[Fruits], CPI_Data[Sector], "Rural+Urban", CPI_Data[Date],B78) -> 155.7 | J78: =SUMIFS(CPI_Data[Vegetables], CPI_Data[Sector], "Rural+Urban", CPI_Data[Date],B78) -> 185.3 | K78: =SUMIFS(CPI_Data[Pulses and products], CPI_Data[Sector], "Rural+Urban", CPI_Data[Date],B78) -> 165.2 | L78: =SUMIFS(CPI_Data[Sugar and Confectionery], CPI_Data[Sector], "Rural+Urban", CPI_Data[Date],B78) -> 121.9 | M78: =SUMIFS(CPI_Data[Spices], CPI_Data[Sector], "Rural+Urban", CPI_Data[Date],B78) -> 169.3 | N78: =SUMIFS(CPI_Data[Non-alcoholic beverages], CPI_Data[Sector], "Rural+Urban", CPI_Data[Date],B78) -> 163.2 | O78: =SUMIFS(CPI_Data[Prepared meals, snacks, sweets etc.], CPI_Data[Sector], "Rural+Urban", CPI_Data[Date],B78) -> 174.7 | P78: =SUMIFS(CPI_Data[Food and beverages], CPI_Data[Sector], "Rural+Urban", CPI_Data[Date],B78) -> 167.7 | Q78: =SUMIFS(CPI_Data[Pan, tobacco and intoxicants], CPI_Data[Sector], "Rural+Urban", CPI_Data[Date],B78) -> 192.7 | R78: =SUMIFS(CPI_Data[Clothing], CPI_Data[Sector], "Rural+Urban", CPI_Data[Date],B78) -> 165.7 | S78: =SUMIFS(CPI_Data[Footwear], CPI_Data[Sector], "Rural+Urban", CPI_Data[Date],B78) -> 156.3 | T78: =SUMIFS(CPI_Data[Clothing and footwear], CPI_Data[Sector], "Rural+Urban", CPI_Data[Date],B78) -> 164.3 | U78: =SUMIFS(CPI_Data[Housing], CPI_Data[Sector], "Rural+Urban", CPI_Data[Date],B78) -> 163.6 | V78: =SUMIFS(CPI_Data[Fuel and light], CPI_Data[Sector], "Rural+Urban", CPI_Data[Date],B78) -> 164.2 | W78: =SUMIFS(CPI_Data[Household goods and services], CPI_Data[Sector], "Rural+Urban", CPI_Data[Date],B78) -> 158.4 | X78: =SUMIFS(CPI_Data[Health], CPI_Data[Sector], "Rural+Urban", CPI_Data[Date],B78) -> 169.1 | Y78: =SUMIFS(CPI_Data[Transport and communication], CPI_Data[Sector], "Rural+Urban", CPI_Data[Date],B78) -> 155.7 | Z78: =SUMIFS(CPI_Data[Recreation and amusement], CPI_Data[Sector], "Rural+Urban", CPI_Data[Date],B78) -> 158.6 | AA78: =SUMIFS(CPI_Data[Education], CPI_Data[Sector], "Rural+Urban", CPI_Data[Date],B78) -> 163.9 | AB78: =SUMIFS(CPI_Data[Personal care and effects], CPI_Data[Sector], "Rural+Urban", CPI_Data[Date],B78) -> 160.8 | AC78: =SUMIFS(CPI_Data[Miscellaneous], CPI_Data[Sector], "Rural+Urban", CPI_Data[Date],B78) -> 161 | AD78: =SUMIFS(CPI_Data[General index], CPI_Data[Sector], "Rural+Urban", CPI_Data[Date],B78) -> 165.5
B79: 44501 | C79: 80.637301 | D79: =SUMIFS(CPI_Data[Cereals and products], CPI_Data[Sector], "Rural+Urban", CPI_Data[Date],B79) -> 148.2 | E79: =SUMIFS(CPI_Data[Meat and fish], CPI_Data[Sector], "Rural+Urban", CPI_Data[Date],B79) -> 201.6 | F79: =SUMIFS(CPI_Data[Egg], CPI_Data[Sector], "Rural+Urban", CPI_Data[Date],B79) -> 173 | G79: =SUMIFS(CPI_Data[Milk and products], CPI_Data[Sector], "Rural+Urban", CPI_Data[Date],B79) -> 159.3 | H79: =SUMIFS(CPI_Data[Oils and fats], CPI_Data[Sector], "Rural+Urban", CPI_Data[Date],B79) -> 190.1 | I79: =SUMIFS(CPI_Data[Fruits], CPI_Data[Sector], "Rural+Urban", CPI_Data[Date],B79) -> 156.5 | J79: =SUMIFS(CPI_Data[Vegetables], CPI_Data[Sector], "Rural+Urban", CPI_Data[Date],B79) -> 199.2 | K79: =SUMIFS(CPI_Data[Pulses and products], CPI_Data[Sector], "Rural+Urban", CPI_Data[Date],B79) -> 165.3 | L79: =SUMIFS(CPI_Data[Sugar and Confectionery], CPI_Data[Sector], "Rural+Urban", CPI_Data[Date],B79) -> 122.4 | M79: =SUMIFS(CPI_Data[Spices], CPI_Data[Sector], "Rural+Urban", CPI_Data[Date],B79) -> 169.6 | N79: =SUMIFS(CPI_Data[Non-alcoholic beverages], CPI_Data[Sector], "Rural+Urban", CPI_Data[Date],B79) -> 163.7 | O79: =SUMIFS(CPI_Data[Prepared meals, snacks, sweets etc.], CPI_Data[Sector], "Rural+Urban", CPI_Data[Date],B79) -> 175.5 | P79: =SUMIFS(CPI_Data[Food and beverages], CPI_Data[Sector], "Rural+Urban", CPI_Data[Date],B79) -> 169.7 | Q79: =SUMIFS(CPI_Data[Pan, tobacco and intoxicants], CPI_Data[Sector], "Rural+Urban", CPI_Data[Date],B79) -> 192.9 | R79: =SUMIFS(CPI_Data[Clothing], CPI_Data[Sector], "Rural+Urban", CPI_Data[Date],B79) -> 167.2 | S79: =SUMIFS(CPI_Data[Footwear], CPI_Data[Sector], "Rural+Urban", CPI_Data[Date],B79) -> 157.4 | T79: =SUMIFS(CPI_Data[Clothing and footwear], CPI_Data[Sector], "Rural+Urban", CPI_Data[Date],B79) -> 165.8 | U79: =SUMIFS(CPI_Data[Housing], CPI_Data[Sector], "Rural+Urban", CPI_Data[Date],B79) -> 164.2 | V79: =SUMIFS(CPI_Data[Fuel and light], CPI_Data[Sector], "Rural+Urban", CPI_Data[Date],B79) -> 163.9 | W79: =SUMIFS(CPI_Data[Household goods and services], CPI_Data[Sector], "Rural+Urban", CPI_Data[Date],B79) -> 159.3 | X79: =SUMIFS(CPI_Data[Health], CPI_Data[Sector], "Rural+Urban", CPI_Data[Date],B79) -> 169.9 | Y79: =SUMIFS(CPI_Data[Transport and communication], CPI_Data[Sector], "Rural+Urban", CPI_Data[Date],B79) -> 154.8 | Z79: =SUMIFS(CPI_Data[Recreation and amusement], CPI_Data[Sector], "Rural+Urban", CPI_Data[Date],B79) -> 159.8 | AA79: =SUMIFS(CPI_Data[Education], CPI_Data[Sector], "Rural+Urban", CPI_Data[Date],B79) -> 164.3 | AB79: =SUMIFS(CPI_Data[Personal care and effects], CPI_Data[Sector], "Rural+Urban", CPI_Data[Date],B79) -> 162.2 | AC79: =SUMIFS(CPI_Data[Miscellaneous], CPI_Data[Sector], "Rural+Urban", CPI_Data[Date],B79) -> 161.4 | AD79: =SUMIFS(CPI_Data[General index], CPI_Data[Sector], "Rural+Urban", CPI_Data[Date],B79) -> 166.7
... B97: 45047 | C97: 74.981548 | D97: =SUMIFS(CPI_Data[Cereals and products], CPI_Data[Sector], "Rural+Urban", CPI_Data[Date],B97) -> 173.7 | E97: =SUMIFS(CPI_Data[Meat and fish], CPI_Data[Sector], "Rural+Urban", CPI_Data[Date],B97) -> 214.3 | F97: =SUMIFS(CPI_Data[Egg], CPI_Data[Sector], "Rural+Urban", CPI_Data[Date],B97) -> 173.2 | G97: =SUMIFS(CPI_Data[Milk and products], CPI_Data[Sector], "Rural+Urban", CPI_Data[Date],B97) -> 179.5 | H97: =SUMIFS(CPI_Data[Oils and fats], CPI_Data[Sector], "Rural+Urban", CPI_Data[Date],B97) -> 170 | I97: =SUMIFS(CPI_Data[Fruits], CPI_Data[Sector], "Rural+Urban", CPI_Data[Date],B97) -> 172.2 | J97: =SUMIFS(CPI_Data[Vegetables], CPI_Data[Sector], "Rural+Urban", CPI_Data[Date],B97) -> 161 | K97: =SUMIFS(CPI_Data[Pulses and products], CPI_Data[Sector], "Rural+Urban", CPI_Data[Date],B97) -> 175.6 | L97: =SUMIFS(CPI_Data[Sugar and Confectionery], CPI_Data[Sector], "Rural+Urban", CPI_Data[Date],B97) -> 122.7 | M97: =SUMIFS(CPI_Data[Spices], CPI_Data[Sector], "Rural+Urban", CPI_Data[Date],B97) -> 218 | N97: =SUMIFS(CPI_Data[Non-alcoholic beverages], CPI_Data[Sector], "Rural+Urban", CPI_Data[Date],B97) -> 173.4 | O97: =SUMIFS(CPI_Data[Prepared meals, snacks, sweets etc.], CPI_Data[Sector], "Rural+Urban", CPI_Data[Date],B97) -> 194.2 | P97: =SUMIFS(CPI_Data[Food and beverages], CPI_Data[Sector], "Rural+Urban", CPI_Data[Date],B97) -> 179.1 | Q97: =SUMIFS(CPI_Data[Pan, tobacco and intoxicants], CPI_Data[Sector], "Rural+Urban", CPI_Data[Date],B97) -> 201 | R97: =SUMIFS(CPI_Data[Clothing], CPI_Data[Sector], "Rural+Urban", CPI_Data[Date],B97) -> 187.3 | S97: =SUMIFS(CPI_Data[Footwear], CPI_Data[Sector], "Rural+Urban", CPI_Data[Date],B97) -> 179.7 | T97: =SUMIFS(CPI_Data[Clothing and footwear], CPI_Data[Sector], "Rural+Urban", CPI_Data[Date],B97) -> 186.2 | U97: =SUMIFS(CPI_Data[Housing], CPI_Data[Sector], "Rural+Urban", CPI_Data[Date],B97) -> 175.6 | V97: =SUMIFS(CPI_Data[Fuel and light], CPI_Data[Sector], "Rural+Urban", CPI_Data[Date],B97) -> 182.8 | W97: =SUMIFS(CPI_Data[Household goods and services], CPI_Data[Sector], "Rural+Urban", CPI_Data[Date],B97) -> 175.2 | X97: =SUMIFS(CPI_Data[Health], CPI_Data[Sector], "Rural+Urban", CPI_Data[Date],B97) -> 185.7 | Y97: =SUMIFS(CPI_Data[Transport and communication], CPI_Data[Sector], "Rural+Urban", CPI_Data[Date],B97) -> 164.8 | Z97: =SUMIFS(CPI_Data[Recreation and amusement], CPI_Data[Sector], "Rural+Urban", CPI_Data[Date],B97) -> 171.2 | AA97: =SUMIFS(CPI_Data[Education], CPI_Data[Sector], "Rural+Urban", CPI_Data[Date],B97) -> 177.1 | AB97: =SUMIFS(CPI_Data[Personal care and effects], CPI_Data[Sector], "Rural+Urban", CPI_Data[Date],B97) -> 185.2 | AC97: =SUMIFS(CPI_Data[Miscellaneous], CPI_Data[Sector], "Rural+Urban", CPI_Data[Date],B97) -> 175.7 | AD97: =SUMIFS(CPI_Data[General index], CPI_Data[Sector], "Rural+Urban", CPI_Data[Date],B97) -> 179.1
B101: Date | C101: Oil Price change | D101: Cereals and products inflation | E101: Meat and fish inflation | F101: Egg inflation | G101: Milk and products inflation | H101: Oils and fats inflation | I101: Fruits inflation | J101: Vegetables inflation | K101: Pulses and products inflation | L101: Sugar and Confectionery inflation | M101: Spices inflation | N101: Non-alcoholic beverages inflation | O101: Prepared meals, snacks, sweets etc. inflation | P101: Food and beverages inflation | Q101: Pan, tobacco and intoxicants inflation | R101: Clothing inflation | S101: Footwear inflation | T101: Clothing and footwear inflation | U101: Housing inflation | V101: Fuel and light inflation | W101: Household goods and services inflation | X101: Health inflation | Y101: Transport and communication inflation | Z101: Recreation and amusement inflation | AA101: Education inflation | AB101: Personal care and effects inflation | AC101: Miscellaneous inflation | AD101: General index inflation
B102: =B69 -> 44197 | C102: =(C69-C68)/C68 -> 0.099413541 | D102: =(D69-D68)/D68 -> -0.0075342466 | E102: =(E69-E68)/E68 -> -0.0047120419 | F102: =(F69-F68)/F68 -> 0 | G102: =(G69-G68)/G68 -> 0 | H102: =(H69-H68)/H68 -> 0.029331514 | I102: =(I69-I68)/I68 -> 0.012863913 | J102: =(J69-J68)/J68 -> -0.15748373 | ... AD102: =(AD69-AD68)/AD68 -> -0.010069226
B103: =B70 -> 44228 | C103: =(C70-C69)/C69 -> 0.11719314 | D103: =(D70-D69)/D69 -> -0.0041407867 | E103: =(E70-E69)/E69 -> -0.018937401 | F103: =(F70-F69)/F69 -> -0.037649743 | G103: =(G70-G69)/G69 -> 0.0038935756 | H103: =(H70-H69)/H69 -> 0.051689861 | I103: =(I70-I69)/I69 -> 0.0073529412 | J103: =(J70-J69)/J69 -> -0.17610711 | ... AD103: =(AD70-AD69)/AD69 -> -0.0044500954
B104: =B71 -> 44256 | C104: =(C71-C70)/C70 -> 0.057393047 | D104: =(D71-D70)/D70 -> -0.0013860014 | E104: =(E71-E70)/E70 -> 0.030563003 | F104: =(F71-F70)/F70 -> -0.029045643 | G104: =(G71-G70)/G70 -> 0.0012928248 | H104: =(H71-H70)/H70 -> 0.032766226 | I104: =(I71-I70)/I70 -> 0.0199071 | J104: =(J71-J70)/J70 -> -0.065625 | ... AD104: =(AD71-AD70)/AD70 -> 0.0012771392
B105: =B72 -> 44287 | C105: =(C72-C71)/C71 -> -0.020585982 | D105: =(D72-D71)/D71 -> 0.0013879251 | E105: =(E72-E71)/E71 -> 0.030176899 | F105: =(F72-F71)/F71 -> 0.0048840049 | G105: =(G72-G71)/G71 -> 0.003227889 | H105: =(H72-H71)/H71 -> 0.037827944 | I105: =(I72-I71)/I71 -> 0.069616135 | J105: =(J72-J71)/J71 -> -0.036120401 | ... AD105: =(AD72-AD71)/AD71 -> 0.006377551
B106: =B73 -> 44317 | C106: =(C73-C72)/C72 -> 0.056092712 | D106: =(D73-D72)/D72 -> 0.013860014 | E106: =(E73-E72)/E72 -> 0.012626263 | F106: =(F73-F72)/F72 -> 0.034629405 | G106: =(G73-G72)/G72 -> 0.0045045045 | H106: =(H73-H72)/H72 -> 0.050558495 | I106: =(I73-I72)/I72 -> 0.016423358 | J106: =(J73-J72)/J72 -> 0.026370576 | ... AD106: =(AD73-AD72)/AD72 -> 0.016476553
B107: =B74 -> 44348 | C107: =(C74-C73)/C73 -> 0.0751207 | D107: =(D74-D73)/D73 -> 0.002734108 | E107: =(E74-E73)/E73 -> 0.0074812968 | F107: =(F74-F73)/F73 -> 0.061068702 | G107: =(G74-G73)/G73 -> 0.00064061499 | H107: =(H74-H73)/H73 -> 0.027979855 | I107: =(I74-I73)/I73 -> -0.014961101 | J107: =(J74-J73)/J73 -> 0.050709939 | ... AD107: =(AD74-AD73)/AD73 -> 0.0056109726
B108: =B75 -> 44378 | C108: =(C75-C74)/C74 -> 0.021622059 | D108: =(D75-D74)/D74 -> -0.0020449898 | E108: =(E75-E74)/E74 -> 0.023762376 | F108: =(F75-F74)/F74 -> 0.0083010515 | G108: =(G75-G74)/G74 -> 0.0083226633 | H108: =(H75-H74)/H74 -> -0.008709853 | I108: =(I75-I74)/I74 -> -0.0042527339 | J108: =(J75-J74)/J74 -> 0.056628057 | ... AD108: =(AD75-AD74)/AD74 -> 0.0074395536
B109: =B76 -> 44409 | C109: =(C76-C75)/C75 -> -0.050780307 | D109: =(D76-D75)/D75 -> 0.0013661202 | E109: =(E76-E75)/E75 -> -0.013539652 | F109: =(F76-F75)/F75 -> -0.051591658 | G109: =(G76-G75)/G75 -> 0.0057142857 | H109: =(H76-H75)/H75 -> 0.03239978 | I109: =(I76-I75)/I75 -> -0.043319097 | J109: =(J76-J75)/J75 -> -0.012180268 | ... AD109: =(AD76-AD75)/AD75 -> 0.0043076923
B110: =B77 -> 44440 | C110: =(C77-C76)/C76 -> 0.047647403 | D110: =(D77-D76)/D76 -> 0 | E110: =(E77-E76)/E76 -> 0 | F110: =(F77-F76)/F76 -> 0 | G110: =(G77-G76)/G76 -> 0 | H110: =(H77-H76)/H76 -> 0 | I110: =(I77-I76)/I76 -> -0.0006377551 | J110: =(J77-J76)/J76 -> 0.00061652281 | ... AD110: =(AD77-AD76)/AD76 -> 0
B111: =B78 -> 44470 | C111: =(C78-C77)/C77 -> 0.12274805 | D111: =(D78-D77)/D77 -> 0.0054570259 | E111: =(E78-E77)/E77 -> 0.0029411765 | F111: =(F78-F77)/F77 -> -0.0092592593 | G111: =(G78-G77)/G77 -> 0.0018939394 | H111: =(H78-H77)/H77 -> 0.013829787 | I111: =(I78-I77)/I77 -> -0.0063816209 | J111: =(J78-J77)/J77 -> 0.14171288 | ... AD111: =(AD78-AD77)/AD77 -> 0.014093137
B112: =B79 -> 44501 | C112: =(C79-C78)/C78 -> -0.017904511 | D112: =(D79-D78)/D78 -> 0.0054274084 | E112: =(E79-E78)/E78 -> -0.014662757 | F112: =(F79-F78)/F78 -> 0.010514019 | G112: =(G79-G78)/G78 -> 0.0037807183 | H112: =(H79-H78)/H78 -> -0.0026232949 | I112: =(I79-I78)/I78 -> 0.0051380861 | J112: =(J79-J78)/J78 -> 0.075013492 | ... AD112: =(AD79-AD78)/AD78 -> 0.0072507553
B113: =B80 -> 44531 | C113: =(C80-C79)/C79 -> -0.091005991 | D113: =(D80-D79)/D79 -> 0.0033738192 | E113: =(E80-E79)/E79 -> -0.013888889 | F113: =(F80-F79)/F79 -> 0.028323699 | G113: =(G80-G79)/G79 -> 0.0037664783 | H113: =(H80-H79)/H79 -> -0.013150973 | I113: =(I80-I79)/I79 -> -0.010223642 | J113: =(J80-J79)/J79 -> -0.054718876 | ... AD113: =(AD80-AD79)/AD79 -> -0.0029994001
... B130: =B97 -> 45047 | C130: =(C97-C96)/C96 -> -0.10475522 | D130: =(D97-D96)/D96 -> -0.00057537399 | E130: =(E97-E96)/E96 -> 0.023889154 | F130: =(F97-F96)/F96 -> 0.021226415 | G130: =(G97-G96)/G96 -> 0.0061659193 | H130: =(H97-H96)/H96 -> -0.028016009 | I130: =(I97-I96)/I96 -> -0.023255814 | J130: =(J97-J96)/J96 -> 0.036036036 | ... AD130: =(AD97-AD96)/AD96 -> 0.0056148231

Sheet Data_Dictionary
A1: Data Coverage
A2: Metric | B2: Value
A3: Total Rows | B3: =ROWS(CPI_Data[]) -> 375
A4: Total Columns | B4: =COLUMNS(CPI_Data[]) -> 31
A5: Date Start | B5: =MIN(CPI_Data[Date]) -> 41275
A6: Date End | B6: =MAX(CPI_Data[Date]) -> 45047
A7: Number of Sectors | B7: =COUNTA(_xlfn.UNIQUE(CPI_Data[Sector])) -> 3
A8: Expected Rows | B8: =(DATEDIF(B5,B6,"m")+1)*B7 -> 375
A9: Actual Rows | B9: =B3 -> 375
A10: Coverage Status | B10: =IF(B9=B8,"Complete","Incomplete") -> Complete
A16: Column Names | B16: Remark | C16: Data Cleaning | D16: Status
A17: Sector | B17: Consumer sector for which the CPI is reported: Rural, Urban, or Rural + Urban (Combined). | C17: Not Required | D17: Clean
A18: Year | B18: Calendar year corresponding to the CPI observation. Dataset covers 2013 to 2023. | C18: Not Required | D18: Clean
A19: Month | B19: Month corresponding to the CPI observation. Dataset covers January 2013 to May 2023. | C19: Marcrh → March; trimmed November | D19: Cleaned
A20: Cereals and products | B20: CPI index for the cereals and cereal-product category. | C20: Null values are present | D20: Cleaned
A21: Meat and fish | B21: CPI index for the meat and fish category. | C21: Null values are present | D21: Cleaned
A22: Egg | B22: CPI index for the egg category. | C22: Null values are present | D22: Cleaned
A23: Milk and products | B23: CPI index for milk and milk-product category. | C23: Null values are present | D23: Cleaned
A24: Oils and fats | B24: CPI index for the oils and fats category. | C24: Null values are present | D24: Cleaned
A25: Fruits | B25: CPI index for the fruits category. | C25: Null values are present | D25: Cleaned
A26: Vegetables | B26: CPI index for the vegetables category. | C26: Null values are present | D26: Cleaned
A27: Pulses and products | B27: CPI index for the pulses and pulse-product category. | C27: Null values are present | D27: Cleaned
... A46: General index | B46: Overall CPI index representing the combined movement of prices across the CPI basket for the respective sector and period. | C46: Null values are present | D46: Cleaned
A49: *All missing data are imported from offical government MoSPI site
A53: Data from Ministry of Statistics and Programme Implementation official website (April 2019)
A55: Category | B55: Rural | C55: Urban | D55: Rural + Urban
A56: Cereals and products | B56: 137.1 | C56: 140.1 | D56: 138
A57: Meat and fish | B57: 156.2 | C57: 153.6 | D57: 155.3
A58: Egg | B58: 134.7 | C58: 139.4 | D58: 136.5
A59: Milk and products | B59: 142.4 | C59: 141.9 | D59: 142.2
A60: Oils and fats | B60: 124 | C60: 118.4 | D60: 121.9
A61: Fruits | B61: 143.7 | C61: 148.6 | D61: 146
A62: Vegetables | B62: 129.3 | C62: 150.1 | D62: 136.4
A63: Pulses and products | B63: 122.8 | C63: 121.7 | D63: 122.4
A64: Sugar and Confectionery | B64: 108.4 | C64: 110.4 | D64: 109.1
A65: Spices | B65: 138.7 | C65: 140.4 | D65: 139.3
A66: Non-alcoholic beverages | B66: 137.5 | C66: 128.7 | D66: 133.8
A67: Prepared meals, snacks, sweets etc. | B67: 156.3 | C67: 154.2 | D67: 155.3
... A72: Clothing and footwear | B72: 150.2 | C72: 142 | D72: 146.9
A73: Housing | C73: 149.7 | D73: 149.7
A74: Fuel and light | B74: 146.6 | C74: 129.1 | D74: 140
A75: Household goods and services | B75: 149.4 | C75: 136.9 | D75: 143.5
A76: Health | B76: 151 | C76: 139.5 | D76: 146.6
A77: Transport and communication | B77: 130.2 | C77: 120.2 | D77: 124.9
A78: Recreation and amusement | B78: 144.9 | C78: 133.8 | D78: 138.6
A79: Education | B79: 156.3 | C79: 147.6 | D79: 151.2
A80: Personal care and effects | B80: 133.7 | C80: 132.4 | D80: 133.2
A81: Miscellaneous | B81: 142.6 | C81: 133.1 | D81: 138
A82: General index | B82: 141.7 | C82: 140.5 | D82: 141.1
A85: Data sources from official website of MoSPI (File Link: https://www.mospi.gov.in/sites/default/files/press_release/CPI%20Technical%20Note%20on%20Imputation.pdf) Referance: The data was not recorded due to lockdown therefore government published a pdf note with explanation and data
A86: Description | B86: Rural Apr-2020 | C86: Rural May-2020 | D86: Urban Apr-2020 | E86: Urban May-2020 | F86: Combined Apr-2020 | G86: Combined May-2020
A87: Cereals and products | B87: 147.2 | C87: 147.5 | D87: 151.8 | E87: 150.4 | F87: 148.7 | G87: 148.4
A88: Meat and fish | B88: 168.9 | C88: 181.5 | D88: 171.3 | E88: 188.1 | F88: 169.7 | G88: 183.8
A89: Egg | B89: 146.9 | C89: 146.4 | D89: 151.9 | E89: 150 | F89: 148.8 | G89: 147.8
A90: Milk and products | B90: 155.6 | C90: 154.9 | D90: 155.5 | E90: 155.4 | F90: 155.6 | G90: 155.1
A91: Oils and fats | B91: 137.1 | C91: 139.2 | D91: 131.6 | E91: 131.9 | F91: 135.1 | G91: 136.5
A92: Fruits | B92: 147.3 | C92: 146.2 | D92: 152.9 | E92: 153 | F92: 149.9 | G92: 149.4
A93: Vegetables | B93: 162.7 | C93: 145.1 | D93: 180 | E93: 161.8 | F93: 168.6 | G93: 150.8
A94: Pulses and products | B94: 150.2 | C94: 151.1 | D94: 150.8 | E94: 151.4 | F94: 150.4 | G94: 151.2
A95: Sugar and Confectionery | B95: 119.8 | C95: 116.2 | D95: 121.2 | E95: 117.2 | F95: 120.3 | G95: 116.5
A96: Spices | B96: 158.7 | C96: 158.7 | D96: 154 | E96: 154.7 | F96: 157.1 | G96: 157.4
A97: Non-alcoholic beverages | B97: 139.2 | C97: 141.4 | D97: 133.5 | E97: 134.1 | F97: 136.8 | G97: 138.4
A98: Prepared meals, snacks, sweets etc. | B98: 162.1 | C98: 161.9 | D98: 162.7 | E98: 162.4 | F98: 162.4 | G98: 162.1
... A103: Clothing and footwear | B103: 153.1 | C103: 153.2 | D103: 150.4 | E103: 150.8 | F103: 152 | G103: 152.3
A104: Housing | D104: 155.6 | E104: 155.6 | F104: 155.6 | G104: 155.6
A105: Fuel and light | B105: 148.4 | C105: 146.4 | D105: 137.1 | E105: 136.2 | F105: 144.1 | G105: 142.5
A106: Household goods and services | B106: 152 | C106: 152.1 | D106: 145.5 | E106: 145.9 | F106: 148.9 | G106: 149.2
A107: Health | B107: 154.3 | C107: 157 | D107: 144.8 | E107: 146.1 | F107: 150.7 | G107: 152.9
A108: Transport and communication | B108: 136.3 | C108: 136.3 | D108: 128.7 | E108: 129.1 | F108: 132.3 | G108: 132.5
A109: Recreation and amusement | B109: 151.7 | C109: 151.8 | D109: 142.5 | E109: 142.9 | F109: 146.5 | G109: 146.8
A110: Education | B110: 161.7 | C110: 161.8 | D110: 157.6 | E110: 158 | F110: 159.3 | G110: 159.6
A111: Personal care and effects | B111: 145.6 | C111: 145.7 | D111: 150.1 | E111: 150.5 | F111: 147.5 | G111: 147.7
A112: Miscellaneous | B112: 148.4 | C112: 149.2 | D112: 142.5 | E112: 143 | F112: 145.5 | G112: 146.2
A113: General Index (All Groups) | B113: 151.9 | C113: 151.2 | D113: 150.9 | E113: 150.6 | F113: 151.4 | G113: 150.9

Sheet Cleaned_Data
A1: Sector | B1: Year | C1: Month | D1: Date | E1: Cereals and products | F1: Meat and fish | G1: Egg | H1: Milk and products | I1: Oils and fats | J1: Fruits | K1: Vegetables | L1: Pulses and products | M1: Sugar and Confectionery | N1: Spices | O1: Non-alcoholic beverages | P1: Prepared meals, snacks, sweets etc. | Q1: Food and beverages | R1: Pan, tobacco and intoxicants | S1: Clothing | T1: Footwear | U1: Clothing and footwear | V1: Housing | W1: Fuel and light | X1: Household goods and services | Y1: Health | Z1: Transport and communication | AA1: Recreation and amusement | AB1: Education | AC1: Personal care and effects | AD1: Miscellaneous | AE1: General index
A2: Rural | B2: 2013 | C2: January | D2: 41275 | E2: 107.5 | F2: 106.3 | G2: 108.1 | H2: 104.9 | I2: 106.1 | J2: 103.9 | K2: 101.9 | L2: 106.1 | M2: 106.8 | N2: 103.1 | O2: 104.8 | P2: 106.7 | Q2: 105.5 | R2: 105.1 | S2: 106.5 | T2: 105.8 | U2: 106.4 | W2: 105.5 | X2: 104.8 | Y2: 104 | Z2: 103.3 | AA2: 103.4 | AB2: 103.8 | AC2: 104.7 | AD2: 104 | AE2: 105.1
A3: Urban | B3: 2013 | C3: January | D3: 41275 | E3: 110.5 | F3: 109.1 | G3: 113 | H3: 103.6 | I3: 103.4 | J3: 102.3 | K3: 102.9 | L3: 105.8 | M3: 105.1 | N3: 101.8 | O3: 105.1 | P3: 107.9 | Q3: 105.9 | R3: 105.2 | S3: 105.9 | T3: 105 | U3: 105.8 | V3: 100.3 | W3: 105.4 | X3: 104.8 | Y3: 104.1 | Z3: 103.2 | AA3: 102.9 | AB3: 103.5 | AC3: 104.3 | AD3: 103.7 | AE3: 104
A4: Rural+Urban | B4: 2013 | C4: January | D4: 41275 | E4: 108.4 | F4: 107.3 | G4: 110 | H4: 104.4 | I4: 105.1 | J4: 103.2 | K4: 102.2 | L4: 106 | M4: 106.2 | N4: 102.7 | O4: 104.9 | P4: 107.3 | Q4: 105.6 | R4: 105.1 | S4: 106.3 | T4: 105.5 | U4: 106.2 | V4: 100.3 | W4: 105.5 | X4: 104.8 | Y4: 104 | Z4: 103.2 | AA4: 103.1 | AB4: 103.6 | AC4: 104.5 | AD4: 103.9 | AE4: 104.6
A5: Rural | B5: 2013 | C5: February | D5: 41306 | E5: 109.2 | F5: 108.7 | G5: 110.2 | H5: 105.4 | I5: 106.7 | J5: 104 | K5: 102.4 | L5: 105.9 | M5: 105.7 | N5: 103.1 | O5: 105.1 | P5: 107.7 | Q5: 106.3 | R5: 105.6 | S5: 107.1 | T5: 106.3 | U5: 107 | W5: 106.2 | X5: 105.2 | Y5: 104.4 | Z5: 103.9 | AA5: 104 | AB5: 104.1 | AC5: 104.6 | AD5: 104.4 | AE5: 105.8
A6: Urban | B6: 2013 | C6: February | D6: 41306 | E6: 112.9 | F6: 112.9 | G6: 116.9 | H6: 104 | I6: 103.5 | J6: 103.1 | K6: 104.9 | L6: 104.1 | M6: 103.8 | N6: 102.3 | O6: 106 | P6: 109 | Q6: 107.2 | R6: 106 | S6: 106.6 | T6: 105.5 | U6: 106.4 | V6: 100.4 | W6: 105.7 | X6: 105.2 | Y6: 104.7 | Z6: 104.4 | AA6: 103.3 | AB6: 103.7 | AC6: 104.3 | AD6: 104.3 | AE6: 104.7
A7: Rural+Urban | B7: 2013 | C7: February | D7: 41306 | E7: 110.4 | F7: 110.2 | G7: 112.8 | H7: 104.9 | I7: 105.5 | J7: 103.6 | K7: 103.2 | L7: 105.3 | M7: 105.1 | N7: 102.8 | O7: 105.5 | P7: 108.3 | Q7: 106.6 | R7: 105.7 | S7: 106.9 | T7: 106 | U7: 106.8 | V7: 100.4 | W7: 106 | X7: 105.2 | Y7: 104.5 | Z7: 104.2 | AA7: 103.6 | AB7: 103.9 | AC7: 104.5 | AD7: 104.4 | AE7: 105.3
A8: Rural | B8: 2013 | C8: March | D8: 41334 | E8: 110.2 | F8: 108.8 | G8: 109.9 | H8: 105.6 | I8: 106.2 | J8: 105.7 | K8: 101.4 | L8: 105.7 | M8: 105 | N8: 103.3 | O8: 105.6 | P8: 108.2 | Q8: 106.6 | R8: 106.5 | S8: 107.6 | T8: 106.8 | U8: 107.5 | W8: 106.1 | X8: 105.6 | Y8: 104.7 | Z8: 104.6 | AA8: 104 | AB8: 104.3 | AC8: 104.3 | AD8: 104.6 | AE8: 106
A9: Urban | B9: 2013 | C9: March | D9: 41334 | E9: 113.9 | F9: 111.4 | G9: 113.2 | H9: 104.3 | I9: 102.7 | J9: 104.9 | K9: 103.8 | L9: 103.5 | M9: 102.6 | N9: 102.4 | O9: 107 | P9: 109.8 | Q9: 107.3 | R9: 106.8 | S9: 107.2 | T9: 106 | U9: 107 | V9: 100.4 | W9: 106 | X9: 105.7 | Y9: 105.2 | Z9: 105.5 | AA9: 103.5 | AB9: 103.8 | AC9: 104.2 | AD9: 104.9 | AE9: 105
A10: Rural+Urban | B10: 2013 | C10: March | D10: 41334 | E10: 111.4 | F10: 109.7 | G10: 111.2 | H10: 105.1 | I10: 104.9 | J10: 105.3 | K10: 102.2 | L10: 105 | M10: 104.2 | N10: 103 | O10: 106.2 | P10: 108.9 | Q10: 106.9 | R10: 106.6 | S10: 107.4 | T10: 106.5 | U10: 107.3 | V10: 100.4 | W10: 106.1 | X10: 105.6 | Y10: 104.9 | Z10: 105.1 | AA10: 103.7 | AB10: 104 | AC10: 104.3 | AD10: 104.7 | AE10: 105.5
A11: Rural | B11: 2013 | C11: April | D11: 41365 | E11: 110.2 | F11: 109.5 | G11: 106.9 | H11: 106.3 | I11: 105.7 | J11: 108.3 | K11: 103.4 | L11: 105.7 | M11: 104.2 | N11: 103.2 | O11: 106.5 | P11: 108.8 | Q11: 107.1 | R11: 107.1 | S11: 108.1 | T11: 107.4 | U11: 108 | W11: 106.5 | X11: 106.1 | Y11: 105.1 | Z11: 104.4 | AA11: 104.5 | AB11: 104.8 | AC11: 102.7 | AD11: 104.6 | AE11: 106.4
A12: Urban | B12: 2013 | C12: April | D12: 41365 | E12: 114.6 | F12: 113.4 | G12: 106 | H12: 104.7 | I12: 102.1 | J12: 109.5 | K12: 109.7 | L12: 104.6 | M12: 102 | N12: 103.5 | O12: 108.2 | P12: 110.6 | Q12: 108.8 | R12: 108.5 | S12: 107.9 | T12: 106.4 | U12: 107.7 | V12: 100.5 | W12: 106.4 | X12: 106.5 | Y12: 105.7 | Z12: 105 | AA12: 104 | AB12: 105.2 | AC12: 103.2 | AD12: 105.1 | AE12: 105.7
A13: Rural+Urban | B13: 2013 | C13: April | D13: 41365 | E13: 111.6 | F13: 110.9 | G13: 106.6 | H13: 105.7 | I13: 104.4 | J13: 108.9 | K13: 105.5 | L13: 105.3 | M13: 103.5 | N13: 103.3 | O13: 107.2 | P13: 109.6 | Q13: 107.7 | R13: 107.5 | S13: 108 | T13: 107 | U13: 107.9 | V13: 100.5 | W13: 106.5 | X13: 106.3 | Y13: 105.3 | Z13: 104.7 | AA13: 104.2 | AB13: 105 | AC13: 102.9 | AD13: 104.8 | AE13: 106.1
A14: Rural | B14: 2013 | C14: May | D14: 41395 | E14: 110.9 | F14: 109.8 | G14: 105.9 | H14: 107.5 | I14: 105.3 | J14: 108.1 | K14: 107.3 | L14: 106.1 | M14: 103.7 | N14: 104 | O14: 107.4 | P14: 109.9 | Q14: 108.1 | R14: 108.1 | S14: 108.8 | T14: 107.9 | U14: 108.6 | W14: 107.5 | X14: 106.8 | Y14: 105.7 | Z14: 104.1 | AA14: 105 | AB14: 105.5 | AC14: 102.1 | AD14: 104.8 | AE14: 107.2
A15: Urban | B15: 2013 | C15: May | D15: 41395 | E15: 115.4 | F15: 114.2 | G15: 102.7 | H15: 105.5 | I15: 101.5 | J15: 110.6 | K15: 123.7 | L15: 105.2 | M15: 101.9 | N15: 105 | O15: 109.1 | P15: 111.3 | Q15: 111.1 | R15: 109.8 | S15: 108.5 | T15: 106.7 | U15: 108.3 | V15: 100.5 | W15: 107.2 | X15: 107.1 | Y15: 106.2 | Z15: 103.9 | AA15: 104.6 | AB15: 105.7 | AC15: 102.6 | AD15: 104.9 | AE15: 106.6
A16: Rural+Urban | B16: 2013 | C16: May | D16: 41395 | E16: 112.3 | F16: 111.3 | G16: 104.7 | H16: 106.8 | I16: 103.9 | J16: 109.3 | K16: 112.9 | L16: 105.8 | M16: 103.1 | N16: 104.3 | O16: 108.1 | P16: 110.5 | Q16: 109.2 | R16: 108.6 | S16: 108.7 | T16: 107.4 | U16: 108.5 | V16: 100.5 | W16: 107.4 | X16: 106.9 | Y16: 105.9 | Z16: 104 | AA16: 104.8 | AB16: 105.6 | AC16: 102.3 | AD16: 104.8 | AE16: 106.9
A17: Rural | B17: 2013 | C17: June | D17: 41426 | E17: 112.3 | F17: 112.1 | G17: 108.1 | H17: 108.3 | I17: 105.9 | J17: 109.2 | K17: 118 | L17: 106.8 | M17: 104.1 | N17: 105.4 | O17: 108.2 | P17: 111 | Q17: 110.6 | R17: 109 | S17: 109.7 | T17: 108.8 | U17: 109.5 | W17: 108.5 | X17: 107.5 | Y17: 106.3 | Z17: 105 | AA17: 105.6 | AB17: 106.5 | AC17: 102.5 | AD17: 105.5 | AE17: 108.9
A18: Urban | B18: 2013 | C18: June | D18: 41426 | E18: 117 | F18: 120.1 | G18: 112.5 | H18: 107.3 | I18: 101.3 | J18: 112.4 | K18: 143.6 | L18: 105.4 | M18: 101.4 | N18: 106.4 | O18: 110 | P18: 112.2 | Q18: 115 | R18: 110.9 | S18: 109.2 | T18: 107.2 | U18: 108.9 | V18: 106.6 | W18: 108 | X18: 107.7 | Y18: 106.5 | Z18: 105.2 | AA18: 105.2 | AB18: 108.1 | AC18: 103.3 | AD18: 106.1 | AE18: 109.7
A19: Rural+Urban | B19: 2013 | C19: June | D19: 41426 | E19: 113.8 | F19: 114.9 | G19: 109.8 | H19: 107.9 | I19: 104.2 | J19: 110.7 | K19: 126.7 | L19: 106.3 | M19: 103.2 | N19: 105.7 | O19: 109 | P19: 111.6 | Q19: 112.2 | R19: 109.5 | S19: 109.5 | T19: 108.1 | U19: 109.3 | V19: 106.6 | W19: 108.3 | X19: 107.6 | Y19: 106.4 | Z19: 105.1 | AA19: 105.4 | AB19: 107.4 | AC19: 102.8 | AD19: 105.8 | AE19: 109.3
A20: Rural | B20: 2013 | C20: July | D20: 41456 | E20: 113.4 | F20: 114.9 | G20: 110.5 | H20: 109.3 | I20: 106.2 | J20: 110.3 | K20: 129.2 | L20: 107.1 | M20: 104.3 | N20: 106.4 | O20: 109.1 | P20: 112.1 | Q20: 113.1 | R20: 109.8 | S20: 110.5 | T20: 109.5 | U20: 110.3 | W20: 109.5 | X20: 108.3 | Y20: 106.9 | Z20: 106.8 | AA20: 106.4 | AB20: 107.8 | AC20: 102.5 | AD20: 106.5 | AE20: 110.7
A21: Urban | B21: 2013 | C21: July | D21: 41456 | E21: 117.8 | F21: 119.2 | G21: 114 | H21: 108.3 | I21: 101.1 | J21: 113.2 | K21: 160.9 | L21: 105.1 | M21: 101.3 | N21: 107.5 | O21: 110.4 | P21: 113.1 | Q21: 117.5 | R21: 111.7 | S21: 109.8 | T21: 107.8 | U21: 109.5 | V21: 107.7 | W21: 108.6 | X21: 108.1 | Y21: 107.1 | Z21: 107.3 | AA21: 105.9 | AB21: 110.1 | AC21: 103.2 | AD21: 107.3 | AE21: 111.4
A22: Rural+Urban | B22: 2013 | C22: July | D22: 41456 | E22: 114.8 | F22: 116.4 | G22: 111.9 | H22: 108.9 | I22: 104.3 | J22: 111.7 | K22: 140 | L22: 106.4 | M22: 103.3 | N22: 106.8 | O22: 109.6 | P22: 112.6 | Q22: 114.7 | R22: 110.3 | S22: 110.2 | T22: 108.8 | U22: 110 | V22: 107.7 | W22: 109.2 | X22: 108.2 | Y22: 107 | Z22: 107.1 | AA22: 106.1 | AB22: 109.1 | AC22: 102.8 | AD22: 106.9 | AE22: 111
A23: Rural | B23: 2013 | C23: August | D23: 41487 | E23: 114.3 | F23: 115.4 | G23: 111.1 | H23: 110 | I23: 106.4 | J23: 110.8 | K23: 138.9 | L23: 107.4 | M23: 104.1 | N23: 106.9 | O23: 109.7 | P23: 112.6 | Q23: 114.9 | R23: 110.7 | S23: 111.3 | T23: 110.2 | U23: 111.1 | W23: 109.9 | X23: 108.7 | Y23: 107.5 | Z23: 107.8 | AA23: 106.8 | AB23: 108.7 | AC23: 105 | AD23: 107.5 | AE23: 112.1
A24: Urban | B24: 2013 | C24: August | D24: 41487 | E24: 118.3 | F24: 120.4 | G24: 112.7 | H24: 108.9 | I24: 101.1 | J24: 108.7 | K24: 177 | L24: 104.7 | M24: 101 | N24: 108.5 | O24: 110.9 | P24: 114.3 | Q24: 119.6 | R24: 112.4 | S24: 110.6 | T24: 108.3 | U24: 110.2 | V24: 108.9 | W24: 109.3 | X24: 108.7 | Y24: 107.6 | Z24: 108.1 | AA24: 106.5 | AB24: 110.8 | AC24: 106 | AD24: 108.3 | AE24: 112.7
A25: Rural+Urban | B25: 2013 | C25: August | D25: 41487 | E25: 115.6 | F25: 117.2 | G25: 111.7 | H25: 109.6 | I25: 104.5 | J25: 109.8 | K25: 151.8 | L25: 106.5 | M25: 103.1 | N25: 107.4 | O25: 110.2 | P25: 113.4 | Q25: 116.6 | R25: 111.2 | S25: 111 | T25: 109.4 | U25: 110.7 | V25: 108.9 | W25: 109.7 | X25: 108.7 | Y25: 107.5 | Z25: 108 | AA25: 106.6 | AB25: 109.9 | AC25: 105.4 | AD25: 107.9 | AE25: 112.4
A26: Rural | B26: 2013 | C26: September | D26: 41518 | E26: 115.4 | F26: 115.7 | G26: 111.7 | H26: 111 | I26: 107.4 | J26: 110.9 | K26: 154 | L26: 108.1 | M26: 104.2 | N26: 107.9 | O26: 110.4 | P26: 114 | Q26: 117.8 | R26: 111.7 | S26: 112.7 | T26: 111.4 | U26: 112.5 | W26: 111.1 | X26: 109.6 | Y26: 108.3 | Z26: 109.3 | AA26: 107.7 | AB26: 109.8 | AC26: 106.7 | AD26: 108.7 | AE26: 114.2
A27: Urban | B27: 2013 | C27: September | D27: 41518 | E27: 118.6 | F27: 119.1 | G27: 113.2 | H27: 109.6 | I27: 101.7 | J27: 103.2 | K27: 174.3 | L27: 105.1 | M27: 100.8 | N27: 109.1 | O27: 111.1 | P27: 115.4 | Q27: 119.2 | R27: 112.9 | S27: 111.4 | T27: 109 | U27: 111.1 | V27: 109.7 | W27: 109.5 | X27: 109.6 | Y27: 107.9 | Z27: 110.4 | AA27: 107.4 | AB27: 111.2 | AC27: 106.9 | AD27: 109.4 | AE27: 113.2
A28: Rural+Urban | B28: 2013 | C28: September | D28: 41518 | E28: 116.4 | F28: 116.9 | G28: 112.3 | H28: 110.5 | I28: 105.3 | J28: 107.3 | K28: 160.9 | L28: 107.1 | M28: 103.1 | N28: 108.3 | O28: 110.7 | P28: 114.6 | Q28: 118.3 | R28: 112 | S28: 112.2 | T28: 110.4 | U28: 111.9 | V28: 109.7 | W28: 110.5 | X28: 109.6 | Y28: 108.1 | Z28: 109.9 | AA28: 107.5 | AB28: 110.6 | AC28: 106.8 | AD28: 109 | AE28: 113.7
A29: Rural | B29: 2013 | C29: October | D29: 41548 | E29: 116.3 | F29: 115.4 | G29: 112.6 | H29: 111.7 | I29: 107.7 | J29: 113.2 | K29: 164.9 | L29: 108.3 | M29: 103.9 | N29: 108.2 | O29: 111.1 | P29: 114.9 | Q29: 119.8 | R29: 112.2 | S29: 113.6 | T29: 112.3 | U29: 113.4 | W29: 111.6 | X29: 110.4 | Y29: 108.9 | Z29: 109.3 | AA29: 108.3 | AB29: 110.2 | AC29: 107.5 | AD29: 109.1 | AE29: 115.5
A30: Urban | B30: 2013 | C30: October | D30: 41548 | E30: 118.9 | F30: 118.1 | G30: 114.5 | H30: 110.4 | I30: 102.3 | J30: 106.2 | K30: 183.5 | L30: 105.3 | M30: 100.2 | N30: 109.6 | O30: 111.4 | P30: 116 | Q30: 120.8 | R30: 113.5 | S30: 112.5 | T30: 109.7 | U30: 112 | V30: 110.5 | W30: 109.7 | X30: 110.2 | Y30: 108.2 | Z30: 109.7 | AA30: 108 | AB30: 111.3 | AC30: 107.3 | AD30: 109.4 | AE30: 114
A31: Rural+Urban | B31: 2013 | C31: October | D31: 41548 | E31: 117.1 | F31: 116.3 | G31: 113.3 | H31: 111.2 | I31: 105.7 | J31: 109.9 | K31: 171.2 | L31: 107.3 | M31: 102.7 | N31: 108.7 | O31: 111.2 | P31: 115.4 | Q31: 120.2 | R31: 112.5 | S31: 113.2 | T31: 111.2 | U31: 112.8 | V31: 110.5 | W31: 110.9 | X31: 110.3 | Y31: 108.6 | Z31: 109.5 | AA31: 108.1 | AB31: 110.8 | AC31: 107.4 | AD31: 109.2 | AE31: 114.8
A32: Rural | B32: 2013 | C32: November | D32: 41579 | E32: 117.3 | F32: 114.9 | G32: 116.2 | H32: 112.8 | I32: 108.9 | J32: 116.6 | K32: 178.1 | L32: 109.1 | M32: 103.6 | N32: 109 | O32: 111.8 | P32: 116 | Q32: 122.5 | R32: 112.8 | S32: 114.6 | T32: 113.1 | U32: 114.4 | W32: 112.6 | X32: 111.3 | Y32: 109.7 | Z32: 109.6 | AA32: 108.7 | AB32: 111 | AC32: 108.2 | AD32: 109.8 | AE32: 117.4
A33: Urban | B33: 2013 | C33: November | D33: 41579 | E33: 119.8 | F33: 116.3 | G33: 122.6 | H33: 112 | I33: 103.2 | J33: 110 | K33: 192.8 | L33: 106.3 | M33: 99.5 | N33: 110.3 | O33: 111.8 | P33: 117.1 | Q33: 122.9 | R33: 114.1 | S33: 113.5 | T33: 110.3 | U33: 113 | V33: 111.1 | W33: 110 | X33: 110.9 | Y33: 108.6 | Z33: 109.5 | AA33: 108.5 | AB33: 111.3 | AC33: 107.9 | AD33: 109.6 | AE33: 115
A34: Rural+Urban | B34: 2013 | C34: November | D34: 41579 | E34: 118.1 | F34: 115.4 | G34: 118.7 | H34: 112.5 | I34: 106.8 | J34: 113.5 | K34: 183.1 | L34: 108.2 | M34: 102.2 | N34: 109.4 | O34: 111.8 | P34: 116.5 | Q34: 122.6 | R34: 113.1 | S34: 114.2 | T34: 111.9 | U34: 113.8 | V34: 111.1 | W34: 111.6 | X34: 111.1 | Y34: 109.3 | Z34: 109.5 | AA34: 108.6 | AB34: 111.2 | AC34: 108.1 | AD34: 109.7 | AE34: 116.3
A35: Rural | B35: 2013 | C35: December | D35: 41609 | E35: 118.4 | F35: 115.9 | G35: 120.4 | H35: 113.8 | I35: 109.5 | J35: 115.5 | K35: 145.7 | L35: 109.5 | M35: 102.9 | N35: 109.8 | O35: 112.1 | P35: 116.8 | Q35: 118.7 | R35: 113.6 | S35: 115.8 | T35: 114 | U35: 115.5 | W35: 112.8 | X35: 112.1 | Y35: 110.1 | Z35: 109.9 | AA35: 109.2 | AB35: 111.6 | AC35: 108.1 | AD35: 110.1 | AE35: 115.5
A36: Urban | B36: 2013 | C36: December | D36: 41609 | E36: 120.5 | F36: 118.1 | G36: 128.5 | H36: 112.8 | I36: 103.4 | J36: 110.7 | K36: 144.8 | L36: 107.1 | M36: 98.6 | N36: 111.9 | O36: 112.1 | P36: 118.1 | Q36: 117.8 | R36: 115 | S36: 114.2 | T36: 110.9 | U36: 113.7 | V36: 110.7 | W36: 110.4 | X36: 111.3 | Y36: 109 | Z36: 109.7 | AA36: 108.9 | AB36: 111.4 | AC36: 107.7 | AD36: 109.8 | AE36: 113.3
A37: Rural+Urban | B37: 2013 | C37: December | D37: 41609 | E37: 119.1 | F37: 116.7 | G37: 123.5 | H37: 113.4 | I37: 107.3 | J37: 113.3 | K37: 145.4 | L37: 108.7 | M37: 101.5 | N37: 110.5 | O37: 112.1 | P37: 117.4 | Q37: 118.4 | R37: 114 | S37: 115.2 | T37: 112.7 | U37: 114.8 | V37: 110.7 | W37: 111.9 | X37: 111.7 | Y37: 109.7 | Z37: 109.8 | AA37: 109 | AB37: 111.5 | AC37: 107.9 | AD37: 110 | AE37: 114.5
A38: Rural | B38: 2014 | C38: January | D38: 41640 | E38: 118.9 | F38: 117.1 | G38: 120.5 | H38: 114.4 | I38: 109 | J38: 115.5 | K38: 123.9 | L38: 109.6 | M38: 101.8 | N38: 110.2 | O38: 112.4 | P38: 117.3 | Q38: 116 | R38: 114 | S38: 116.5 | T38: 114.5 | U38: 116.2 | W38: 113 | X38: 112.6 | Y38: 110.6 | Z38: 110.5 | AA38: 109.6 | AB38: 111.8 | AC38: 108.3 | AD38: 110.6 | AE38: 114.2
A39: Urban | B39: 2014 | C39: January | D39: 41640 | E39: 121.2 | F39: 122 | G39: 129.9 | H39: 113.6 | I39: 102.9 | J39: 112.1 | K39: 118.9 | L39: 107.5 | M39: 96.9 | N39: 112.7 | O39: 112.1 | P39: 119 | Q39: 115.5 | R39: 115.7 | S39: 114.8 | T39: 111.3 | U39: 114.3 | V39: 111.6 | W39: 111 | X39: 111.9 | Y39: 109.7 | Z39: 110.8 | AA39: 109.8 | AB39: 111.5 | AC39: 108 | AD39: 110.5 | AE39: 112.9
A40: Rural+Urban | B40: 2014 | C40: January | D40: 41640 | E40: 119.6 | F40: 118.8 | G40: 124.1 | H40: 114.1 | I40: 106.8 | J40: 113.9 | K40: 122.2 | L40: 108.9 | M40: 100.2 | N40: 111 | O40: 112.3 | P40: 118.1 | Q40: 115.8 | R40: 114.5 | S40: 115.8 | T40: 113.2 | U40: 115.4 | V40: 111.6 | W40: 112.2 | X40: 112.3 | Y40: 110.3 | Z40: 110.7 | AA40: 109.7 | AB40: 111.6 | AC40: 108.2 | AD40: 110.6 | AE40: 113.6
A41: Rural | B41: 2014 | C41: February | D41: 41671 | E41: 119.4 | F41: 117.7 | G41: 121.2 | H41: 115 | I41: 109 | J41: 116.6 | K41: 116 | L41: 109.8 | M41: 101.1 | N41: 110.4 | O41: 112.9 | P41: 117.8 | Q41: 115.3 | R41: 114.2 | S41: 117.1 | T41: 114.5 | U41: 116.7 | W41: 113.2 | X41: 112.9 | Y41: 110.9 | Z41: 110.8 | AA41: 109.9 | AB41: 112 | AC41: 108.7 | AD41: 110.9 | AE41: 114
A42: Urban | B42: 2014 | C42: February | D42: 41671 | E42: 121.9 | F42: 122 | G42: 124.5 | H42: 115.2 | I42: 102.5 | J42: 114.1 | K42: 111.5 | L42: 108.2 | M42: 95.4 | N42: 113.5 | O42: 112.1 | P42: 119.9 | Q42: 115.2 | R42: 116.2 | S42: 115.3 | T42: 111.7 | U42: 114.7 | V42: 112.5 | W42: 111.1 | X42: 112.6 | Y42: 110.4 | Z42: 111.3 | AA42: 110.3 | AB42: 111.6 | AC42: 108.7 | AD42: 111 | AE42: 113.1
A43: Rural+Urban | B43: 2014 | C43: February | D43: 41671 | E43: 120.2 | F43: 119.2 | G43: 122.5 | H43: 115.1 | I43: 106.6 | J43: 115.4 | K43: 114.5 | L43: 109.3 | M43: 99.2 | N43: 111.4 | O43: 112.6 | P43: 118.8 | Q43: 115.3 | R43: 114.7 | S43: 116.4 | T43: 113.3 | U43: 115.9 | V43: 112.5 | W43: 112.4 | X43: 112.8 | Y43: 110.7 | Z43: 111.1 | AA43: 110.1 | AB43: 111.8 | AC43: 108.7 | AD43: 110.9 | AE43: 113.6
A44: Rural | B44: 2014 | C44: March | D44: 41699 | E44: 120.1 | F44: 118.1 | G44: 120.7 | H44: 116.1 | I44: 109.3 | J44: 119.6 | K44: 117.9 | L44: 110.2 | M44: 101.2 | N44: 110.7 | O44: 113 | P44: 118.3 | Q44: 116.2 | R44: 114.6 | S44: 117.5 | T44: 114.9 | U44: 117.2 | W44: 113.4 | X44: 113.4 | Y44: 111.4 | Z44: 111.2 | AA44: 110.2 | AB44: 112.4 | AC44: 108.9 | AD44: 111.3 | AE44: 114.6
A45: Urban | B45: 2014 | C45: March | D45: 41699 | E45: 122.1 | F45: 121.4 | G45: 121.5 | H45: 116.2 | I45: 102.8 | J45: 117.7 | K45: 113.3 | L45: 108.9 | M45: 96.3 | N45: 114.1 | O45: 112.2 | P45: 120.5 | Q45: 116 | R45: 116.7 | S45: 115.8 | T45: 112.1 | U45: 115.2 | V45: 113.2 | W45: 110.9 | X45: 113 | Y45: 110.8 | Z45: 111.6 | AA45: 110.9 | AB45: 111.8 | AC45: 109.2 | AD45: 111.4 | AE45: 113.7
A46: Rural+Urban | B46: 2014 | C46: March | D46: 41699 | E46: 120.7 | F46: 119.3 | G46: 121 | H46: 116.1 | I46: 106.9 | J46: 118.7 | K46: 116.3 | L46: 109.8 | M46: 99.6 | N46: 111.8 | O46: 112.7 | P46: 119.3 | Q46: 116.1 | R46: 115.2 | S46: 116.8 | T46: 113.7 | U46: 116.4 | V46: 113.2 | W46: 112.5 | X46: 113.2 | Y46: 111.2 | Z46: 111.4 | AA46: 110.6 | AB46: 112 | AC46: 109 | AD46: 111.3 | AE46: 114.2
A47: Rural | B47: 2014 | C47: April | D47: 41730 | E47: 120.2 | F47: 118.9 | G47: 118.1 | H47: 117 | I47: 109.7 | J47: 125.5 | K47: 120.5 | L47: 111 | M47: 102.6 | N47: 111.2 | O47: 113.5 | P47: 118.7 | Q47: 117.2 | R47: 115.4 | S47: 118.1 | T47: 116.1 | U47: 117.8 | W47: 113.4 | X47: 113.7 | Y47: 111.8 | Z47: 111.2 | AA47: 110.5 | AB47: 113 | AC47: 108.9 | AD47: 111.5 | AE47: 115.4
A48: Urban | B48: 2014 | C48: April | D48: 41730 | E48: 122.5 | F48: 121.7 | G48: 113.3 | H48: 117 | I48: 103.1 | J48: 126.7 | K48: 121.2 | L48: 111 | M48: 100.3 | N48: 115.3 | O48: 112.7 | P48: 121 | Q48: 118.2 | R48: 117.6 | S48: 116.3 | T48: 112.5 | U48: 115.7 | V48: 113.9 | W48: 110.9 | X48: 113.4 | Y48: 111 | Z48: 111.2 | AA48: 111.2 | AB48: 112.5 | AC48: 109.1 | AD48: 111.4 | AE48: 114.7
A49: Rural+Urban | B49: 2014 | C49: April | D49: 41730 | E49: 120.9 | F49: 119.9 | G49: 116.2 | H49: 117 | I49: 107.3 | J49: 126.1 | K49: 120.7 | L49: 111 | M49: 101.8 | N49: 112.6 | O49: 113.2 | P49: 119.8 | Q49: 117.6 | R49: 116 | S49: 117.4 | T49: 114.6 | U49: 117 | V49: 113.9 | W49: 112.5 | X49: 113.6 | Y49: 111.5 | Z49: 111.2 | AA49: 110.9 | AB49: 112.7 | AC49: 109 | AD49: 111.5 | AE49: 115.1
A50: Rural | B50: 2014 | C50: May | D50: 41760 | E50: 120.3 | F50: 120.2 | G50: 116.9 | H50: 118 | I50: 110.1 | J50: 126.3 | K50: 123.9 | L50: 111.5 | M50: 103.5 | N50: 111.6 | O50: 114.2 | P50: 119.2 | Q50: 118.2 | R50: 116.3 | S50: 118.7 | T50: 116.8 | U50: 118.5 | W50: 113.4 | X50: 114.1 | Y50: 112.1 | Z50: 111.4 | AA50: 110.9 | AB50: 113.1 | AC50: 108.9 | AD50: 111.8 | AE50: 116
A51: Urban | B51: 2014 | C51: May | D51: 41760 | E51: 122.7 | F51: 124.1 | G51: 114.2 | H51: 119.1 | I51: 103.5 | J51: 129.2 | K51: 127 | L51: 112.6 | M51: 101.3 | N51: 117 | O51: 112.9 | P51: 121.7 | Q51: 120 | R51: 118.3 | S51: 116.8 | T51: 112.9 | U51: 116.2 | V51: 114.3 | W51: 111.1 | X51: 114.1 | Y51: 111.2 | Z51: 111.3 | AA51: 111.5 | AB51: 112.9 | AC51: 109.3 | AD51: 111.7 | AE51: 115.6
A52: Rural+Urban | B52: 2014 | C52: May | D52: 41760 | E52: 121.1 | F52: 121.6 | G52: 115.9 | H52: 118.4 | I52: 107.7 | J52: 127.7 | K52: 125 | L52: 111.9 | M52: 102.8 | N52: 113.4 | O52: 113.7 | P52: 120.4 | Q52: 118.9 | R52: 116.8 | S52: 118 | T52: 115.2 | U52: 117.6 | V52: 114.3 | W52: 112.5 | X52: 114.1 | Y52: 111.8 | Z52: 111.3 | AA52: 111.2 | AB52: 113 | AC52: 109.1 | AD52: 111.8 | AE52: 115.8
A53: Rural | B53: 2014 | C53: June | D53: 41791 | E53: 120.7 | F53: 121.6 | G53: 116.1 | H53: 119.3 | I53: 110.3 | J53: 125.8 | K53: 129.3 | L53: 112.2 | M53: 103.6 | N53: 112.3 | O53: 114.9 | P53: 120.1 | Q53: 119.5 | R53: 117.3 | S53: 119.7 | T53: 117.3 | U53: 119.3 | W53: 114.4 | X53: 114.9 | Y53: 112.8 | Z53: 112.2 | AA53: 111.4 | AB53: 114.3 | AC53: 108 | AD53: 112.3 | AE53: 117
A54: Urban | B54: 2014 | C54: June | D54: 41791 | E54: 123.1 | F54: 125.9 | G54: 115.4 | H54: 120.4 | I54: 103.4 | J54: 131.2 | K54: 137.5 | L54: 112.8 | M54: 101.4 | N54: 118.3 | O54: 113.2 | P54: 122.4 | Q54: 122 | R54: 119 | S54: 117.4 | T54: 113.2 | U54: 116.7 | V54: 113.9 | W54: 111.2 | X54: 114.3 | Y54: 111.4 | Z54: 111.5 | AA54: 111.8 | AB54: 115.1 | AC54: 108.7 | AD54: 112.2 | AE54: 116.4
A55: Rural+Urban | B55: 2014 | C55: June | D55: 41791 | E55: 121.5 | F55: 123.1 | G55: 115.8 | H55: 119.7 | I55: 107.8 | J55: 128.3 | K55: 132.1 | L55: 112.4 | M55: 102.9 | N55: 114.3 | O55: 114.2 | P55: 121.2 | Q55: 120.4 | R55: 117.8 | S55: 118.8 | T55: 115.6 | U55: 118.3 | V55: 113.9 | W55: 113.2 | X55: 114.6 | Y55: 112.3 | Z55: 111.8 | AA55: 111.6 | AB55: 114.8 | AC55: 108.3 | AD55: 112.3 | AE55: 116.7
A56: Rural | B56: 2014 | C56: July | D56: 41821 | E56: 121.7 | F56: 122.5 | G56: 117.7 | H56: 120.6 | I56: 110.4 | J56: 129.1 | K56: 150.1 | L56: 113.2 | M56: 104.8 | N56: 113.3 | O56: 115.6 | P56: 120.9 | Q56: 123.3 | R56: 118 | S56: 120.7 | T56: 118.3 | U56: 120.3 | W56: 115.3 | X56: 115.4 | Y56: 113.4 | Z56: 113.2 | AA56: 111.8 | AB56: 115.5 | AC56: 108.8 | AD56: 113.1 | AE56: 119.5
A57: Urban | B57: 2014 | C57: July | D57: 41821 | E57: 123.8 | F57: 126.4 | G57: 118 | H57: 121.6 | I57: 103.5 | J57: 133.7 | K57: 172.4 | L57: 113.1 | M57: 102.7 | N57: 120 | O57: 113.8 | P57: 123.4 | Q57: 127.1 | R57: 121 | S57: 118 | T57: 113.6 | U57: 117.4 | V57: 114.8 | W57: 111.6 | X57: 114.9 | Y57: 111.5 | Z57: 113 | AA57: 112.4 | AB57: 117.8 | AC57: 109.7 | AD57: 113.5 | AE57: 118.9
A58: Rural+Urban | B58: 2014 | C58: July | D58: 41821 | E58: 122.4 | F58: 123.9 | G58: 117.8 | H58: 121 | I58: 107.9 | J58: 131.2 | K58: 157.7 | L58: 113.2 | M58: 104.1 | N58: 115.5 | O58: 114.8 | P58: 122.1 | Q58: 124.7 | R58: 118.8 | S58: 119.6 | T58: 116.3 | U58: 119.1 | V58: 114.8 | W58: 113.9 | X58: 115.2 | Y58: 112.7 | Z58: 113.1 | AA58: 112.1 | AB58: 116.8 | AC58: 109.2 | AD58: 113.3 | AE58: 119.2
A59: Rural | B59: 2014 | C59: August | D59: 41852 | E59: 121.8 | F59: 122.8 | G59: 117.8 | H59: 121.9 | I59: 110.6 | J59: 129.7 | K59: 161.1 | L59: 114.1 | M59: 105.1 | N59: 114.6 | O59: 115.8 | P59: 121.7 | Q59: 125.3 | R59: 118.8 | S59: 120.9 | T59: 118.8 | U59: 120.7 | W59: 115.4 | X59: 115.9 | Y59: 114 | Z59: 113.2 | AA59: 112.2 | AB59: 116.2 | AC59: 109.4 | AD59: 113.5 | AE59: 120.7
A60: Urban | B60: 2014 | C60: August | D60: 41852 | E60: 124.8 | F60: 127.3 | G60: 116.5 | H60: 122.2 | I60: 103.6 | J60: 132.7 | K60: 181.9 | L60: 115.2 | M60: 102.7 | N60: 122.1 | O60: 114.4 | P60: 124.7 | Q60: 128.9 | R60: 123 | S60: 118.6 | T60: 114.1 | U60: 117.9 | V60: 115.5 | W60: 111.8 | X60: 115.3 | Y60: 112.2 | Z60: 112.5 | AA60: 112.9 | AB60: 119.2 | AC60: 110.5 | AD60: 113.9 | AE60: 119.9
A61: Rural+Urban | B61: 2014 | C61: August | D61: 41852 | E61: 122.7 | F61: 124.4 | G61: 117.3 | H61: 122 | I61: 108 | J61: 131.1 | K61: 168.2 | L61: 114.5 | M61: 104.3 | N61: 117.1 | O61: 115.2 | P61: 123.1 | Q61: 126.6 | R61: 119.9 | S61: 120 | T61: 116.8 | U61: 119.6 | V61: 115.5 | W61: 114 | X61: 115.6 | Y61: 113.3 | Z61: 112.8 | AA61: 112.6 | AB61: 118 | AC61: 109.9 | AD61: 113.7 | AE61: 120.3
A62: Rural | B62: 2014 | C62: September | D62: 41883 | E62: 122.3 | F62: 122.4 | G62: 117.8 | H62: 122.7 | I62: 110.4 | J62: 129.8 | K62: 158.8 | L62: 115 | M62: 104.7 | N62: 114.9 | O62: 116.5 | P62: 122.6 | Q62: 125.3 | R62: 119.5 | S62: 121.7 | T62: 119.2 | U62: 121.3 | W62: 115.8 | X62: 116.7 | Y62: 114.5 | Z62: 112.8 | AA62: 112.6 | AB62: 116.6 | AC62: 109.1 | AD62: 113.7 | AE62: 120.9
A63: Urban | B63: 2014 | C63: September | D63: 41883 | E63: 124.2 | F63: 125.4 | G63: 116.4 | H63: 122.7 | I63: 103.5 | J63: 124.5 | K63: 168.6 | L63: 116.9 | M63: 101.9 | N63: 122.9 | O63: 114.8 | P63: 125.2 | Q63: 126.7 | R63: 124.3 | S63: 119.2 | T63: 114.5 | U63: 118.4 | V63: 116.1 | W63: 111.8 | X63: 115.5 | Y63: 112.3 | Z63: 111.2 | AA63: 113.4 | AB63: 120 | AC63: 110 | AD63: 113.6 | AE63: 119.2
A64: Rural+Urban | B64: 2014 | C64: September | D64: 41883 | E64: 122.9 | F64: 123.5 | G64: 117.3 | H64: 122.7 | I64: 107.9 | J64: 127.3 | K64: 162.1 | L64: 115.6 | M64: 103.8 | N64: 117.6 | O64: 115.8 | P64: 123.8 | Q64: 125.8 | R64: 120.8 | S64: 120.7 | T64: 117.2 | U64: 120.1 | V64: 116.1 | W64: 114.3 | X64: 116.1 | Y64: 113.7 | Z64: 112 | AA64: 113.1 | AB64: 118.6 | AC64: 109.5 | AD64: 113.7 | AE64: 120.1
A65: Rural | B65: 2014 | C65: October | D65: 41913 | E65: 122.6 | F65: 122.5 | G65: 118.3 | H65: 123.2 | I65: 110.5 | J65: 128.9 | K65: 155.3 | L65: 115.5 | M65: 104 | N65: 115.3 | O65: 116.8 | P65: 123.2 | Q65: 125.1 | R65: 120 | S65: 122.7 | T65: 120.3 | U65: 122.3 | W65: 116.4 | X65: 117.5 | Y65: 115.3 | Z65: 112.6 | AA65: 113 | AB65: 116.9 | AC65: 109.3 | AD65: 114 | AE65: 121
A66: Urban | B66: 2014 | C66: October | D66: 41913 | E66: 124.6 | F66: 126.1 | G66: 117.8 | H66: 123.1 | I66: 103.5 | J66: 123.5 | K66: 159.6 | L66: 117.4 | M66: 101.2 | N66: 123.8 | O66: 115.2 | P66: 125.9 | Q66: 125.8 | R66: 124.3 | S66: 119.6 | T66: 114.9 | U66: 118.9 | V66: 116.7 | W66: 112 | X66: 115.8 | Y66: 112.6 | Z66: 111 | AA66: 113.6 | AB66: 120.2 | AC66: 110.1 | AD66: 113.7 | AE66: 119.1
A67: Rural+Urban | B67: 2014 | C67: October | D67: 41913 | E67: 123.2 | F67: 123.8 | G67: 118.1 | H67: 123.2 | I67: 107.9 | J67: 126.4 | K67: 156.8 | L67: 116.1 | M67: 103.1 | N67: 118.1 | O67: 116.1 | P67: 124.5 | Q67: 125.4 | R67: 121.1 | S67: 121.5 | T67: 118.1 | U67: 121 | V67: 116.7 | W67: 114.7 | X67: 116.7 | Y67: 114.3 | Z67: 111.8 | AA67: 113.3 | AB67: 118.8 | AC67: 109.6 | AD67: 113.9 | AE67: 120.1
A68: Rural | B68: 2014 | C68: November | D68: 41944 | E68: 122.7 | F68: 122.6 | G68: 119.9 | H68: 124 | I68: 110.5 | J68: 128.8 | K68: 152 | L68: 116.2 | M68: 103.3 | N68: 115.8 | O68: 116.8 | P68: 124.5 | Q68: 124.9 | R68: 120.8 | S68: 123.3 | T68: 120.5 | U68: 122.9 | W68: 117.3 | X68: 118.1 | Y68: 115.9 | Z68: 112 | AA68: 113.3 | AB68: 117.2 | AC68: 108.8 | AD68: 114.1 | AE68: 121.1
A69: Urban | B69: 2014 | C69: November | D69: 41944 | E69: 124.5 | F69: 125.6 | G69: 122.7 | H69: 124.6 | I69: 103.2 | J69: 122.2 | K69: 153.2 | L69: 119.3 | M69: 99.8 | N69: 124.6 | O69: 115.8 | P69: 126.9 | Q69: 125.4 | R69: 125.8 | S69: 120.3 | T69: 115.4 | U69: 119.5 | V69: 117.1 | W69: 112.6 | X69: 116.4 | Y69: 113 | Z69: 109.7 | AA69: 114 | AB69: 120.3 | AC69: 109.6 | AD69: 113.4 | AE69: 119
A70: Rural+Urban | B70: 2014 | C70: November | D70: 41944 | E70: 123.3 | F70: 123.7 | G70: 121 | H70: 124.2 | I70: 107.8 | J70: 125.7 | K70: 152.4 | L70: 117.2 | M70: 102.1 | N70: 118.7 | O70: 116.4 | P70: 125.6 | Q70: 125.1 | R70: 122.1 | S70: 122.1 | T70: 118.4 | U70: 121.6 | V70: 117.1 | W70: 115.5 | X70: 117.3 | Y70: 114.8 | Z70: 110.8 | AA70: 113.7 | AB70: 119 | AC70: 109.1 | AD70: 113.8 | AE70: 120.1
A71: Rural | B71: 2014 | C71: December | D71: 41974 | E71: 122.4 | F71: 122.4 | G71: 121.8 | H71: 124.2 | I71: 110.2 | J71: 128.6 | K71: 140.3 | L71: 116.3 | M71: 102 | N71: 116 | O71: 117.3 | P71: 124.8 | Q71: 123.3 | R71: 121.7 | S71: 123.8 | T71: 120.6 | U71: 123.3 | W71: 117.4 | X71: 118.2 | Y71: 116.2 | Z71: 111.5 | AA71: 113.3 | AB71: 117.7 | AC71: 109.4 | AD71: 114.2 | AE71: 120.3
A72: Urban | B72: 2014 | C72: December | D72: 41974 | E72: 124 | F72: 124.7 | G72: 126.3 | H72: 124.9 | I72: 103 | J72: 122.3 | K72: 141 | L72: 120.1 | M72: 97.8 | N72: 125.4 | O72: 116.1 | P72: 127.6 | Q72: 124 | R72: 126.4 | S72: 120.7 | T72: 115.8 | U72: 120 | V72: 116.5 | W72: 113 | X72: 116.8 | Y72: 113.2 | Z72: 108.8 | AA72: 114.3 | AB72: 120.7 | AC72: 110.4 | AD72: 113.4 | AE72: 118.4
A73: Rural+Urban | B73: 2014 | C73: December | D73: 41974 | E73: 122.9 | F73: 123.2 | G73: 123.5 | H73: 124.5 | I73: 107.6 | J73: 125.7 | K73: 140.5 | L73: 117.6 | M73: 100.6 | N73: 119.1 | O73: 116.8 | P73: 126.1 | Q73: 123.6 | R73: 123 | S73: 122.6 | T73: 118.6 | U73: 122 | V73: 116.5 | W73: 115.7 | X73: 117.5 | Y73: 115.1 | Z73: 110.1 | AA73: 113.9 | AB73: 119.5 | AC73: 109.8 | AD73: 113.8 | AE73: 119.4
A74: Rural | B74: 2015 | C74: January | D74: 42005 | E74: 123.1 | F74: 123.1 | G74: 122.1 | H74: 124.9 | I74: 111 | J74: 130.4 | K74: 132.3 | L74: 117.2 | M74: 100.5 | N74: 117.2 | O74: 117.9 | P74: 125.6 | Q74: 122.8 | R74: 122.7 | S74: 124.4 | T74: 121.6 | U74: 124 | W74: 118.4 | X74: 118.9 | Y74: 116.6 | Z74: 111 | AA74: 114 | AB74: 118.2 | AC74: 110.2 | AD74: 114.5 | AE74: 120.3
A75: Urban | B75: 2015 | C75: January | D75: 42005 | E75: 124 | F75: 125.5 | G75: 126.6 | H75: 125.2 | I75: 104.3 | J75: 121.3 | K75: 134.4 | L75: 122.9 | M75: 96.1 | N75: 126.6 | O75: 116.5 | P75: 128 | Q75: 123.5 | R75: 127.4 | S75: 121 | T75: 116.1 | U75: 120.2 | V75: 117.3 | W75: 113.4 | X75: 117.2 | Y75: 113.7 | Z75: 107.9 | AA75: 114.6 | AB75: 120.8 | AC75: 111.4 | AD75: 113.4 | AE75: 118.5
A76: Rural+Urban | B76: 2015 | C76: January | D76: 42005 | E76: 123.4 | F76: 123.9 | G76: 123.8 | H76: 125 | I76: 108.5 | J76: 126.2 | K76: 133 | L76: 119.1 | M76: 99 | N76: 120.3 | O76: 117.3 | P76: 126.7 | Q76: 123.1 | R76: 124 | S76: 123.1 | T76: 119.3 | U76: 122.5 | V76: 117.3 | W76: 116.5 | X76: 118.1 | Y76: 115.5 | Z76: 109.4 | AA76: 114.3 | AB76: 119.7 | AC76: 110.7 | AD76: 114 | AE76: 119.5
A77: Rural | B77: 2015 | C77: February | D77: 42036 | E77: 123.4 | F77: 124.4 | G77: 122.1 | H77: 125.8 | I77: 111.5 | J77: 129.4 | K77: 128.2 | L77: 118.8 | M77: 100 | N77: 118.6 | O77: 118.8 | P77: 126.8 | Q77: 122.8 | R77: 124.2 | S77: 125.4 | T77: 122.7 | U77: 125 | W77: 120 | X77: 119.6 | Y77: 117.7 | Z77: 110.9 | AA77: 114.8 | AB77: 118.7 | AC77: 110.8 | AD77: 115 | AE77: 120.6
A78: Urban | B78: 2015 | C78: February | D78: 42036 | E78: 124.3 | F78: 126.5 | G78: 119.5 | H78: 125.6 | I78: 104.9 | J78: 121.6 | K78: 131.8 | L78: 125.1 | M78: 95 | N78: 127.7 | O78: 116.8 | P78: 128.6 | Q78: 123.7 | R78: 128.1 | S78: 121.3 | T78: 116.5 | U78: 120.6 | V78: 118.1 | W78: 114 | X78: 117.7 | Y78: 114.1 | Z78: 106.8 | AA78: 114.9 | AB78: 120.4 | AC78: 111.7 | AD78: 113.2 | AE78: 118.7
A79: Rural+Urban | B79: 2015 | C79: February | D79: 42036 | E79: 123.7 | F79: 125.1 | G79: 121.1 | H79: 125.7 | I79: 109.1 | J79: 125.8 | K79: 129.4 | L79: 120.9 | M79: 98.3 | N79: 121.6 | O79: 118 | P79: 127.6 | Q79: 123.1 | R79: 125.2 | S79: 123.8 | T79: 120.1 | U79: 123.3 | V79: 118.1 | W79: 117.7 | X79: 118.7 | Y79: 116.3 | Z79: 108.7 | AA79: 114.9 | AB79: 119.7 | AC79: 111.2 | AD79: 114.1 | AE79: 119.7
A80: Rural | B80: 2015 | C80: March | D80: 42064 | E80: 123.3 | F80: 124.7 | G80: 118.9 | H80: 126 | I80: 111.8 | J80: 130.9 | K80: 128 | L80: 119.9 | M80: 98.9 | N80: 119.4 | O80: 118.9 | P80: 127.7 | Q80: 123.1 | R80: 124.7 | S80: 126 | T80: 122.9 | U80: 125.5 | W80: 120.6 | X80: 120.2 | Y80: 118.2 | Z80: 111.6 | AA80: 115.5 | AB80: 119.4 | AC80: 110.8 | AD80: 115.5 | AE80: 121.1
A81: Urban | B81: 2015 | C81: March | D81: 42064 | E81: 124 | F81: 126.7 | G81: 113.5 | H81: 125.9 | I81: 104.8 | J81: 123.8 | K81: 131.4 | L81: 127.2 | M81: 93.2 | N81: 127.4 | O81: 117 | P81: 129.2 | Q81: 123.9 | R81: 128.8 | S81: 121.7 | T81: 116.9 | U81: 120.9 | V81: 118.6 | W81: 114.4 | X81: 118 | Y81: 114.3 | Z81: 108.4 | AA81: 115.4 | AB81: 120.6 | AC81: 111.3 | AD81: 113.8 | AE81: 119.1
A82: Rural+Urban | B82: 2015 | C82: March | D82: 42064 | E82: 123.5 | F82: 125.4 | G82: 116.8 | H82: 126 | I82: 109.2 | J82: 127.6 | K82: 129.2 | L82: 122.4 | M82: 97 | N82: 122.1 | O82: 118.1 | P82: 128.4 | Q82: 123.4 | R82: 125.8 | S82: 124.3 | T82: 120.4 | U82: 123.7 | V82: 118.6 | W82: 118.3 | X82: 119.2 | Y82: 116.7 | Z82: 109.9 | AA82: 115.4 | AB82: 120.1 | AC82: 111 | AD82: 114.7 | AE82: 120.2
A83: Rural | B83: 2015 | C83: April | D83: 42095 | E83: 123.3 | F83: 125.5 | G83: 117.2 | H83: 126.8 | I83: 111.9 | J83: 134.2 | K83: 127.5 | L83: 121.5 | M83: 97.8 | N83: 119.8 | O83: 119.4 | P83: 128.7 | Q83: 123.6 | R83: 125.7 | S83: 126.4 | T83: 123.3 | U83: 126 | W83: 121.2 | X83: 120.9 | Y83: 118.6 | Z83: 111.9 | AA83: 116.2 | AB83: 119.9 | AC83: 111.6 | AD83: 116 | AE83: 121.5
A84: Urban | B84: 2015 | C84: April | D84: 42095 | E84: 123.8 | F84: 128.2 | G84: 110 | H84: 126.3 | I84: 104.5 | J84: 130.6 | K84: 130.8 | L84: 131.3 | M84: 91.6 | N84: 127.7 | O84: 117.2 | P84: 129.5 | Q84: 124.6 | R84: 130.1 | S84: 122.1 | T84: 117.2 | U84: 121.3 | V84: 119.2 | W84: 114.7 | X84: 118.4 | Y84: 114.6 | Z84: 108.4 | AA84: 115.6 | AB84: 121.7 | AC84: 111.8 | AD84: 114.2 | AE84: 119.7
A85: Rural+Urban | B85: 2015 | C85: April | D85: 42095 | E85: 123.5 | F85: 126.4 | G85: 114.4 | H85: 126.6 | I85: 109.2 | J85: 132.5 | K85: 128.6 | L85: 124.8 | M85: 95.7 | N85: 122.4 | O85: 118.5 | P85: 129.1 | Q85: 124 | R85: 126.9 | S85: 124.7 | T85: 120.8 | U85: 124.1 | V85: 119.2 | W85: 118.7 | X85: 119.7 | Y85: 117.1 | Z85: 110.1 | AA85: 115.9 | AB85: 121 | AC85: 111.7 | AD85: 115.1 | AE85: 120.7
A86: Rural | B86: 2015 | C86: May | D86: 42125 | E86: 123.5 | F86: 127.1 | G86: 117.3 | H86: 127.7 | I86: 112.5 | J86: 134.1 | K86: 128.5 | L86: 124.3 | M86: 97.6 | N86: 120.7 | O86: 120.2 | P86: 129.8 | Q86: 124.4 | R86: 126.7 | S86: 127.3 | T86: 124.1 | U86: 126.8 | W86: 121.9 | X86: 121.5 | Y86: 119.4 | Z86: 113.3 | AA86: 116.7 | AB86: 120.5 | AC86: 112.3 | AD86: 116.9 | AE86: 122.4
A87: Urban | B87: 2015 | C87: May | D87: 42125 | E87: 123.8 | F87: 129.7 | G87: 111.3 | H87: 126.6 | I87: 105.2 | J87: 130.8 | K87: 135.6 | L87: 142.6 | M87: 90.8 | N87: 128.8 | O87: 117.7 | P87: 129.9 | Q87: 126.1 | R87: 131.3 | S87: 122.4 | T87: 117.4 | U87: 121.6 | V87: 119.6 | W87: 114.9 | X87: 118.7 | Y87: 114.9 | Z87: 110.8 | AA87: 116 | AB87: 122 | AC87: 112.4 | AD87: 115.2 | AE87: 120.7
A88: Rural+Urban | B88: 2015 | C88: May | D88: 42125 | E88: 123.6 | F88: 128 | G88: 115 | H88: 127.3 | I88: 109.8 | J88: 132.6 | K88: 130.9 | L88: 130.5 | M88: 95.3 | N88: 123.4 | O88: 119.2 | P88: 129.8 | Q88: 125 | R88: 127.9 | S88: 125.4 | T88: 121.3 | U88: 124.7 | V88: 119.6 | W88: 119.2 | X88: 120.2 | Y88: 117.7 | Z88: 112 | AA88: 116.3 | AB88: 121.4 | AC88: 112.3 | AD88: 116.1 | AE88: 121.6
A89: Rural | B89: 2015 | C89: June | D89: 42156 | E89: 124.1 | F89: 130.4 | G89: 122.1 | H89: 128.7 | I89: 114.1 | J89: 133.2 | K89: 135.2 | L89: 131.9 | M89: 96.3 | N89: 123 | O89: 121.1 | P89: 131.2 | Q89: 126.6 | R89: 128.2 | S89: 128.4 | T89: 125.1 | U89: 128 | W89: 122.6 | X89: 122.8 | Y89: 120.4 | Z89: 114.2 | AA89: 117.9 | AB89: 122 | AC89: 113 | AD89: 117.9 | AE89: 124.1
A90: Urban | B90: 2015 | C90: June | D90: 42156 | E90: 123.6 | F90: 134.4 | G90: 120.9 | H90: 127.3 | I90: 106 | J90: 132.3 | K90: 146.7 | L90: 148.1 | M90: 89.8 | N90: 130.5 | O90: 118 | P90: 130.5 | Q90: 128.5 | R90: 132.1 | S90: 123.2 | T90: 117.6 | U90: 122.3 | V90: 119 | W90: 115.1 | X90: 119.2 | Y90: 115.4 | Z90: 111.7 | AA90: 116.2 | AB90: 123.8 | AC90: 112.5 | AD90: 116 | AE90: 121.7
A91: Rural+Urban | B91: 2015 | C91: June | D91: 42156 | E91: 123.9 | F91: 131.8 | G91: 121.6 | H91: 128.2 | I91: 111.1 | J91: 132.8 | K91: 139.1 | L91: 137.4 | M91: 94.1 | N91: 125.5 | O91: 119.8 | P91: 130.9 | Q91: 127.3 | R91: 129.2 | S91: 126.4 | T91: 122 | U91: 125.7 | V91: 119 | W91: 119.8 | X91: 121.1 | Y91: 118.5 | Z91: 112.9 | AA91: 116.9 | AB91: 123.1 | AC91: 112.8 | AD91: 117 | AE91: 123
A92: Rural | B92: 2015 | C92: July | D92: 42186 | E92: 124 | F92: 131.5 | G92: 122 | H92: 128.7 | I92: 113.5 | J92: 133.3 | K92: 140.8 | L92: 133.8 | M92: 94.1 | N92: 123.4 | O92: 121 | P92: 131.7 | Q92: 127.5 | R92: 129.4 | S92: 128.8 | T92: 125.5 | U92: 128.3 | W92: 123 | X92: 123 | Y92: 120.8 | Z92: 114.1 | AA92: 118 | AB92: 122.9 | AC92: 112.7 | AD92: 118.1 | AE92: 124.7
A93: Urban | B93: 2015 | C93: July | D93: 42186 | E93: 123.2 | F93: 134.3 | G93: 119.5 | H93: 127.7 | I93: 106.3 | J93: 132.8 | K93: 153.5 | L93: 149.5 | M93: 85.7 | N93: 131.5 | O93: 118.3 | P93: 131.1 | Q93: 129.5 | R93: 133.1 | S93: 123.5 | T93: 117.9 | U93: 122.7 | V93: 119.9 | W93: 115.3 | X93: 119.5 | Y93: 116 | Z93: 111.5 | AA93: 116.6 | AB93: 125.4 | AC93: 111.7 | AD93: 116.3 | AE93: 122.4
A94: Rural+Urban | B94: 2015 | C94: July | D94: 42186 | E94: 123.7 | F94: 132.5 | G94: 121 | H94: 128.3 | I94: 110.9 | J94: 133.1 | K94: 145.1 | L94: 139.1 | M94: 91.3 | N94: 126.1 | O94: 119.9 | P94: 131.4 | Q94: 128.2 | R94: 130.4 | S94: 126.7 | T94: 122.3 | U94: 126.1 | V94: 119.9 | W94: 120.1 | X94: 121.3 | Y94: 119 | Z94: 112.7 | AA94: 117.2 | AB94: 124.4 | AC94: 112.3 | AD94: 117.2 | AE94: 123.6
A95: Rural | B95: 2015 | C95: August | D95: 42217 | E95: 124.7 | F95: 131.3 | G95: 121.3 | H95: 128.8 | I95: 114 | J95: 134.2 | K95: 153.6 | L95: 137.9 | M95: 93.1 | N95: 123.9 | O95: 121.5 | P95: 132.5 | Q95: 129.8 | R95: 130.1 | S95: 129.5 | T95: 126.3 | U95: 129 | W95: 123.8 | X95: 123.7 | Y95: 121.1 | Z95: 113.6 | AA95: 118.5 | AB95: 123.6 | AC95: 112.5 | AD95: 118.2 | AE95: 126.1
A96: Urban | B96: 2015 | C96: August | D96: 42217 | E96: 123.1 | F96: 131.7 | G96: 118.1 | H96: 128 | I96: 106.8 | J96: 130.1 | K96: 165.5 | L96: 156 | M96: 85.3 | N96: 132.7 | O96: 118.8 | P96: 131.7 | Q96: 131.1 | R96: 134.2 | S96: 123.7 | T96: 118.2 | U96: 122.9 | V96: 120.9 | W96: 115.3 | X96: 120 | Y96: 116.6 | Z96: 109.9 | AA96: 117.2 | AB96: 126.2 | AC96: 112 | AD96: 116.2 | AE96: 123.2
